2025-10-04T15:12:07: 
2025-10-04T15:12:07: > judt-node-template@0.1.0 dev:server
2025-10-04T15:12:07: > npm run build && npm run dev
2025-10-04T15:12:07: 
2025-10-04T15:12:07: 
2025-10-04T15:12:07: > judt-node-template@0.1.0 build
2025-10-04T15:12:07: > vite build && BUILD_SSR=true vite build
2025-10-04T15:12:07: 
2025-10-04T15:12:07: vite v7.1.4 building for production...
2025-10-04T15:12:08: transforming...
2025-10-04T15:12:08: ✓ 49 modules transformed.
2025-10-04T15:12:08: rendering chunks...
2025-10-04T15:12:08: computing gzip size...
2025-10-04T15:12:08: dist/client/index.html                   0.46 kB │ gzip:   0.31 kB
2025-10-04T15:12:08: dist/client/assets/index-DfuczHtR.css   14.85 kB │ gzip:   3.72 kB
2025-10-04T15:12:08: dist/client/assets/index-EvP0vyhR.js   407.20 kB │ gzip: 123.44 kB
2025-10-04T15:12:08: ✓ built in 799ms
2025-10-04T15:12:08: vite v7.1.4 building SSR bundle for production...
2025-10-04T15:12:08: transforming...
2025-10-04T15:12:09: "default" is imported from external module "react" but never used in "src/pages/Home.jsx", "src/pages/Contact.jsx", "src/pages/404.jsx", "src/pages/About.jsx", "src/routes.jsx", "src/components/ui/button.jsx", "src/App.jsx" and "src/entry-server.jsx".
2025-10-04T15:12:09: ✓ 10 modules transformed.
2025-10-04T15:12:09: rendering chunks...
2025-10-04T15:12:09: dist/server/entry-server.js  8.64 kB
2025-10-04T15:12:09: ✓ built in 145ms
2025-10-04T15:12:09: 
2025-10-04T15:12:09: > judt-node-template@0.1.0 dev
2025-10-04T15:12:09: > NODE_ENV=development PORT=3551 node server/index.js
2025-10-04T15:12:09: 
2025-10-04T15:12:09: HTTP server is running at http://localhost:3551
2025-10-04T15:12:23: req.originalUrl /favicon.ico
2025-10-04T15:12:23: [
2025-10-04T15:12:23:   {
2025-10-04T15:12:23:     params: { '*': 'favicon.ico' },
2025-10-04T15:12:23:     pathname: '/favicon.ico',
2025-10-04T15:12:23:     pathnameBase: '/',
2025-10-04T15:12:23:     route: { path: '*', element: [Object], notFound: true }
2025-10-04T15:12:23:   }
2025-10-04T15:12:23: ]
2025-10-04T15:12:23: /favicon.ico
2025-10-04T15:12:23: {
2025-10-04T15:12:23:   html: '<div class="min-h-screen flex items-center justify-center"><div class="space-y-6 text-center"><nav class="flex items-center justify-center gap-4"><a class="underline" href="/">Home</a><a class="underline" href="/about">About</a><a class="underline" href="/contact">Contact</a></nav><div class="pt-4 text-left"><div class="space-y-2"><h2 class="text-2xl font-semibold">404 - Page Not Found</h2><p>The page you are looking for does not exist.</p></div></div></div></div>',
2025-10-04T15:12:23:   status: 404
2025-10-04T15:12:23: }
2025-10-04T15:12:33: 
2025-10-04T15:12:33: > judt-node-template@0.1.0 dev:server
2025-10-04T15:12:33: > npm run build && npm run dev
2025-10-04T15:12:33: 
2025-10-04T15:12:34: 
2025-10-04T15:12:34: > judt-node-template@0.1.0 build
2025-10-04T15:12:34: > vite build && BUILD_SSR=true vite build
2025-10-04T15:12:34: 
2025-10-04T15:12:34: vite v7.1.4 building for production...
2025-10-04T15:12:34: transforming...
2025-10-04T15:12:35: ✓ 49 modules transformed.
2025-10-04T15:12:35: rendering chunks...
2025-10-04T15:12:35: computing gzip size...
2025-10-04T15:12:35: dist/client/index.html                   0.46 kB │ gzip:   0.31 kB
2025-10-04T15:12:35: dist/client/assets/index-DhS5VDqF.css   16.37 kB │ gzip:   3.95 kB
2025-10-04T15:12:35: dist/client/assets/index-UjPkGKlN.js   407.20 kB │ gzip: 123.44 kB
2025-10-04T15:12:35: ✓ built in 765ms
2025-10-04T15:12:35: vite v7.1.4 building SSR bundle for production...
2025-10-04T15:12:35: transforming...
2025-10-04T15:12:35: "default" is imported from external module "react" but never used in "src/pages/Home.jsx", "src/pages/About.jsx", "src/pages/Contact.jsx", "src/pages/404.jsx", "src/routes.jsx", "src/components/ui/button.jsx", "src/App.jsx" and "src/entry-server.jsx".
2025-10-04T15:12:35: ✓ 10 modules transformed.
2025-10-04T15:12:35: rendering chunks...
2025-10-04T15:12:35: dist/server/entry-server.js  8.64 kB
2025-10-04T15:12:35: ✓ built in 147ms
2025-10-04T15:12:35: 
2025-10-04T15:12:35: > judt-node-template@0.1.0 dev
2025-10-04T15:12:35: > NODE_ENV=development PORT=3551 node server/index.js
2025-10-04T15:12:35: 
2025-10-04T15:12:35: HTTP server is running at http://localhost:3551
2025-10-04T15:12:37: 
2025-10-04T15:12:37: > judt-node-template@0.1.0 dev:server
2025-10-04T15:12:37: > npm run build && npm run dev
2025-10-04T15:12:37: 
2025-10-04T15:12:37: 
2025-10-04T15:12:37: > judt-node-template@0.1.0 build
2025-10-04T15:12:37: > vite build && BUILD_SSR=true vite build
2025-10-04T15:12:37: 
2025-10-04T15:12:37: vite v7.1.4 building for production...
2025-10-04T15:12:37: transforming...
2025-10-04T15:12:38: ✓ 49 modules transformed.
2025-10-04T15:12:38: rendering chunks...
2025-10-04T15:12:38: computing gzip size...
2025-10-04T15:12:38: dist/client/index.html                   0.46 kB │ gzip:   0.31 kB
2025-10-04T15:12:38: dist/client/assets/index-DhS5VDqF.css   16.37 kB │ gzip:   3.95 kB
2025-10-04T15:12:38: dist/client/assets/index-UjPkGKlN.js   407.20 kB │ gzip: 123.44 kB
2025-10-04T15:12:38: ✓ built in 650ms
2025-10-04T15:12:38: vite v7.1.4 building SSR bundle for production...
2025-10-04T15:12:38: transforming...
2025-10-04T15:12:38: "default" is imported from external module "react" but never used in "src/pages/Home.jsx", "src/pages/About.jsx", "src/pages/Contact.jsx", "src/pages/404.jsx", "src/routes.jsx", "src/components/ui/button.jsx", "src/App.jsx" and "src/entry-server.jsx".
2025-10-04T15:12:38: ✓ 10 modules transformed.
2025-10-04T15:12:38: rendering chunks...
2025-10-04T15:12:38: dist/server/entry-server.js  8.64 kB
2025-10-04T15:12:38: ✓ built in 152ms
2025-10-04T15:12:38: 
2025-10-04T15:12:38: > judt-node-template@0.1.0 dev
2025-10-04T15:12:38: > NODE_ENV=development PORT=3551 node server/index.js
2025-10-04T15:12:38: 
2025-10-04T15:12:38: HTTP server is running at http://localhost:3551
2025-10-04T15:12:59: 
2025-10-04T15:12:59: > judt-node-template@0.1.0 dev:server
2025-10-04T15:12:59: > npm run build && npm run dev
2025-10-04T15:12:59: 
2025-10-04T15:12:59: 
2025-10-04T15:12:59: > judt-node-template@0.1.0 build
2025-10-04T15:12:59: > vite build && BUILD_SSR=true vite build
2025-10-04T15:12:59: 
2025-10-04T15:13:00: vite v7.1.4 building for production...
2025-10-04T15:13:00: transforming...
2025-10-04T15:13:00: ✓ 49 modules transformed.
2025-10-04T15:13:01: rendering chunks...
2025-10-04T15:13:01: computing gzip size...
2025-10-04T15:13:01: dist/client/index.html                   0.46 kB │ gzip:   0.31 kB
2025-10-04T15:13:01: dist/client/assets/index-DhS5VDqF.css   16.37 kB │ gzip:   3.95 kB
2025-10-04T15:13:01: dist/client/assets/index-UjPkGKlN.js   407.20 kB │ gzip: 123.44 kB
2025-10-04T15:13:01: ✓ built in 700ms
2025-10-04T15:13:01: vite v7.1.4 building SSR bundle for production...
2025-10-04T15:13:01: 
2025-10-04T15:13:01: > judt-node-template@0.1.0 dev:server
2025-10-04T15:13:01: > npm run build && npm run dev
2025-10-04T15:13:01: 
2025-10-04T15:13:01: 
2025-10-04T15:13:01: > judt-node-template@0.1.0 build
2025-10-04T15:13:01: > vite build && BUILD_SSR=true vite build
2025-10-04T15:13:01: 
2025-10-04T15:13:01: vite v7.1.4 building for production...
2025-10-04T15:13:02: transforming...
2025-10-04T15:13:02: ✓ 49 modules transformed.
2025-10-04T15:13:02: rendering chunks...
2025-10-04T15:13:02: computing gzip size...
2025-10-04T15:13:02: dist/client/index.html                   0.46 kB │ gzip:   0.31 kB
2025-10-04T15:13:02: dist/client/assets/index-DhS5VDqF.css   16.37 kB │ gzip:   3.95 kB
2025-10-04T15:13:02: dist/client/assets/index-UjPkGKlN.js   407.20 kB │ gzip: 123.44 kB
2025-10-04T15:13:02: ✓ built in 604ms
2025-10-04T15:13:02: vite v7.1.4 building SSR bundle for production...
2025-10-04T15:13:03: 
2025-10-04T15:13:03: > judt-node-template@0.1.0 dev:server
2025-10-04T15:13:03: > npm run build && npm run dev
2025-10-04T15:13:03: 
2025-10-04T15:13:03: 
2025-10-04T15:13:03: > judt-node-template@0.1.0 build
2025-10-04T15:13:03: > vite build && BUILD_SSR=true vite build
2025-10-04T15:13:03: 
2025-10-04T15:13:03: vite v7.1.4 building for production...
2025-10-04T15:13:03: transforming...
2025-10-04T15:13:04: ✓ 49 modules transformed.
2025-10-04T15:13:04: rendering chunks...
2025-10-04T15:13:04: computing gzip size...
2025-10-04T15:13:04: dist/client/index.html                   0.46 kB │ gzip:   0.31 kB
2025-10-04T15:13:04: dist/client/assets/index-DhS5VDqF.css   16.37 kB │ gzip:   3.95 kB
2025-10-04T15:13:04: dist/client/assets/index-UjPkGKlN.js   407.20 kB │ gzip: 123.44 kB
2025-10-04T15:13:04: ✓ built in 701ms
2025-10-04T15:13:04: vite v7.1.4 building SSR bundle for production...
2025-10-04T15:13:04: 
2025-10-04T15:13:04: > judt-node-template@0.1.0 dev:server
2025-10-04T15:13:04: > npm run build && npm run dev
2025-10-04T15:13:04: 
2025-10-04T15:13:04: 
2025-10-04T15:13:04: > judt-node-template@0.1.0 build
2025-10-04T15:13:04: > vite build && BUILD_SSR=true vite build
2025-10-04T15:13:04: 
2025-10-04T15:13:05: vite v7.1.4 building for production...
2025-10-04T15:13:05: transforming...
2025-10-04T15:13:05: ✓ 49 modules transformed.
2025-10-04T15:13:05: rendering chunks...
2025-10-04T15:13:05: computing gzip size...
2025-10-04T15:13:05: dist/client/index.html                   0.46 kB │ gzip:   0.31 kB
2025-10-04T15:13:05: dist/client/assets/index-DhS5VDqF.css   16.37 kB │ gzip:   3.95 kB
2025-10-04T15:13:05: dist/client/assets/index-UjPkGKlN.js   407.20 kB │ gzip: 123.44 kB
2025-10-04T15:13:05: ✓ built in 612ms
2025-10-04T15:13:06: vite v7.1.4 building SSR bundle for production...
2025-10-04T15:13:06: 
2025-10-04T15:13:06: > judt-node-template@0.1.0 dev:server
2025-10-04T15:13:06: > npm run build && npm run dev
2025-10-04T15:13:06: 
2025-10-04T15:13:06: 
2025-10-04T15:13:06: > judt-node-template@0.1.0 build
2025-10-04T15:13:06: > vite build && BUILD_SSR=true vite build
2025-10-04T15:13:06: 
2025-10-04T15:13:06: vite v7.1.4 building for production...
2025-10-04T15:13:06: transforming...
2025-10-04T15:13:07: ✓ 49 modules transformed.
2025-10-04T15:13:07: rendering chunks...
2025-10-04T15:13:07: computing gzip size...
2025-10-04T15:13:07: dist/client/index.html                   0.46 kB │ gzip:   0.31 kB
2025-10-04T15:13:07: dist/client/assets/index-DhS5VDqF.css   16.37 kB │ gzip:   3.95 kB
2025-10-04T15:13:07: dist/client/assets/index-UjPkGKlN.js   407.20 kB │ gzip: 123.44 kB
2025-10-04T15:13:07: ✓ built in 686ms
2025-10-04T15:13:07: vite v7.1.4 building SSR bundle for production...
2025-10-04T15:13:07: 
2025-10-04T15:13:07: > judt-node-template@0.1.0 dev:server
2025-10-04T15:13:07: > npm run build && npm run dev
2025-10-04T15:13:07: 
2025-10-04T15:13:08: 
2025-10-04T15:13:08: > judt-node-template@0.1.0 build
2025-10-04T15:13:08: > vite build && BUILD_SSR=true vite build
2025-10-04T15:13:08: 
2025-10-04T15:13:08: vite v7.1.4 building for production...
2025-10-04T15:13:08: transforming...
2025-10-04T15:13:08: ✓ 49 modules transformed.
2025-10-04T15:13:08: rendering chunks...
2025-10-04T15:13:09: computing gzip size...
2025-10-04T15:13:09: dist/client/index.html                   0.46 kB │ gzip:   0.31 kB
2025-10-04T15:13:09: dist/client/assets/index-DhS5VDqF.css   16.37 kB │ gzip:   3.95 kB
2025-10-04T15:13:09: dist/client/assets/index-UjPkGKlN.js   407.20 kB │ gzip: 123.44 kB
2025-10-04T15:13:09: ✓ built in 671ms
2025-10-04T15:13:09: vite v7.1.4 building SSR bundle for production...
2025-10-04T15:13:09: 
2025-10-04T15:13:09: > judt-node-template@0.1.0 dev:server
2025-10-04T15:13:09: > npm run build && npm run dev
2025-10-04T15:13:09: 
2025-10-04T15:13:09: 
2025-10-04T15:13:09: > judt-node-template@0.1.0 build
2025-10-04T15:13:09: > vite build && BUILD_SSR=true vite build
2025-10-04T15:13:09: 
2025-10-04T15:13:09: vite v7.1.4 building for production...
2025-10-04T15:13:10: transforming...
2025-10-04T15:13:10: ✓ 49 modules transformed.
2025-10-04T15:13:10: rendering chunks...
2025-10-04T15:13:10: computing gzip size...
2025-10-04T15:13:10: dist/client/index.html                   0.46 kB │ gzip:   0.31 kB
2025-10-04T15:13:10: dist/client/assets/index-DhS5VDqF.css   16.37 kB │ gzip:   3.95 kB
2025-10-04T15:13:10: dist/client/assets/index-UjPkGKlN.js   407.20 kB │ gzip: 123.44 kB
2025-10-04T15:13:10: ✓ built in 700ms
2025-10-04T15:13:11: vite v7.1.4 building SSR bundle for production...
2025-10-04T15:13:11: 
2025-10-04T15:13:11: > judt-node-template@0.1.0 dev:server
2025-10-04T15:13:11: > npm run build && npm run dev
2025-10-04T15:13:11: 
2025-10-04T15:13:11: 
2025-10-04T15:13:11: > judt-node-template@0.1.0 build
2025-10-04T15:13:11: > vite build && BUILD_SSR=true vite build
2025-10-04T15:13:11: 
2025-10-04T15:13:11: vite v7.1.4 building for production...
2025-10-04T15:13:11: transforming...
2025-10-04T15:13:12: ✓ 49 modules transformed.
2025-10-04T15:13:12: rendering chunks...
2025-10-04T15:13:12: computing gzip size...
2025-10-04T15:13:12: dist/client/index.html                   0.46 kB │ gzip:   0.31 kB
2025-10-04T15:13:12: dist/client/assets/index-DhS5VDqF.css   16.37 kB │ gzip:   3.95 kB
2025-10-04T15:13:12: dist/client/assets/index-UjPkGKlN.js   407.20 kB │ gzip: 123.44 kB
2025-10-04T15:13:12: ✓ built in 677ms
2025-10-04T15:13:12: 
2025-10-04T15:13:12: > judt-node-template@0.1.0 dev:server
2025-10-04T15:13:12: > npm run build && npm run dev
2025-10-04T15:13:12: 
2025-10-04T15:13:13: 
2025-10-04T15:13:13: > judt-node-template@0.1.0 build
2025-10-04T15:13:13: > vite build && BUILD_SSR=true vite build
2025-10-04T15:13:13: 
2025-10-04T15:13:13: vite v7.1.4 building for production...
2025-10-04T15:13:13: transforming...
2025-10-04T15:13:13: ✓ 49 modules transformed.
2025-10-04T15:13:14: rendering chunks...
2025-10-04T15:13:14: computing gzip size...
2025-10-04T15:13:14: dist/client/index.html                   0.46 kB │ gzip:   0.31 kB
2025-10-04T15:13:14: dist/client/assets/index-DhS5VDqF.css   16.37 kB │ gzip:   3.95 kB
2025-10-04T15:13:14: dist/client/assets/index-UjPkGKlN.js   407.20 kB │ gzip: 123.44 kB
2025-10-04T15:13:14: ✓ built in 677ms
2025-10-04T15:13:14: 
2025-10-04T15:13:14: > judt-node-template@0.1.0 dev:server
2025-10-04T15:13:14: > npm run build && npm run dev
2025-10-04T15:13:14: 
2025-10-04T15:13:14: 
2025-10-04T15:13:14: > judt-node-template@0.1.0 build
2025-10-04T15:13:14: > vite build && BUILD_SSR=true vite build
2025-10-04T15:13:14: 
2025-10-04T15:13:14: vite v7.1.4 building for production...
2025-10-04T15:13:14: transforming...
2025-10-04T15:13:15: ✓ 49 modules transformed.
2025-10-04T15:13:15: rendering chunks...
2025-10-04T15:13:15: computing gzip size...
2025-10-04T15:13:15: dist/client/index.html                   0.46 kB │ gzip:   0.31 kB
2025-10-04T15:13:15: dist/client/assets/index-DhS5VDqF.css   16.37 kB │ gzip:   3.95 kB
2025-10-04T15:13:15: dist/client/assets/index-UjPkGKlN.js   407.20 kB │ gzip: 123.44 kB
2025-10-04T15:13:15: ✓ built in 670ms
2025-10-04T15:13:15: vite v7.1.4 building SSR bundle for production...
2025-10-04T15:13:16: 
2025-10-04T15:13:16: > judt-node-template@0.1.0 dev:server
2025-10-04T15:13:16: > npm run build && npm run dev
2025-10-04T15:13:16: 
2025-10-04T15:13:16: 
2025-10-04T15:13:16: > judt-node-template@0.1.0 build
2025-10-04T15:13:16: > vite build && BUILD_SSR=true vite build
2025-10-04T15:13:16: 
2025-10-04T15:13:16: vite v7.1.4 building for production...
2025-10-04T15:13:16: transforming...
2025-10-04T15:13:17: ✓ 49 modules transformed.
2025-10-04T15:13:17: rendering chunks...
2025-10-04T15:13:17: computing gzip size...
2025-10-04T15:13:17: dist/client/index.html                   0.46 kB │ gzip:   0.31 kB
2025-10-04T15:13:17: dist/client/assets/index-DhS5VDqF.css   16.37 kB │ gzip:   3.95 kB
2025-10-04T15:13:17: dist/client/assets/index-UjPkGKlN.js   407.20 kB │ gzip: 123.44 kB
2025-10-04T15:13:17: ✓ built in 622ms
2025-10-04T15:13:17: vite v7.1.4 building SSR bundle for production...
2025-10-04T15:13:17: 
2025-10-04T15:13:17: > judt-node-template@0.1.0 dev:server
2025-10-04T15:13:17: > npm run build && npm run dev
2025-10-04T15:13:17: 
2025-10-04T15:13:18: 
2025-10-04T15:13:18: > judt-node-template@0.1.0 build
2025-10-04T15:13:18: > vite build && BUILD_SSR=true vite build
2025-10-04T15:13:18: 
2025-10-04T15:13:18: vite v7.1.4 building for production...
2025-10-04T15:13:18: transforming...
2025-10-04T15:13:18: ✓ 49 modules transformed.
2025-10-04T15:13:18: rendering chunks...
2025-10-04T15:13:18: computing gzip size...
2025-10-04T15:13:18: dist/client/index.html                   0.46 kB │ gzip:   0.31 kB
2025-10-04T15:13:18: dist/client/assets/index-DhS5VDqF.css   16.37 kB │ gzip:   3.95 kB
2025-10-04T15:13:18: dist/client/assets/index-UjPkGKlN.js   407.20 kB │ gzip: 123.44 kB
2025-10-04T15:13:18: ✓ built in 627ms
2025-10-04T15:13:19: 
2025-10-04T15:13:19: > judt-node-template@0.1.0 dev:server
2025-10-04T15:13:19: > npm run build && npm run dev
2025-10-04T15:13:19: 
2025-10-04T15:13:19: 
2025-10-04T15:13:19: > judt-node-template@0.1.0 build
2025-10-04T15:13:19: > vite build && BUILD_SSR=true vite build
2025-10-04T15:13:19: 
2025-10-04T15:13:19: vite v7.1.4 building for production...
2025-10-04T15:13:19: transforming...
2025-10-04T15:13:20: ✓ 49 modules transformed.
2025-10-04T15:13:20: rendering chunks...
2025-10-04T15:13:20: computing gzip size...
2025-10-04T15:13:20: dist/client/index.html                   0.46 kB │ gzip:   0.31 kB
2025-10-04T15:13:20: dist/client/assets/index-DhS5VDqF.css   16.37 kB │ gzip:   3.95 kB
2025-10-04T15:13:20: dist/client/assets/index-UjPkGKlN.js   407.20 kB │ gzip: 123.44 kB
2025-10-04T15:13:20: ✓ built in 626ms
2025-10-04T15:13:20: 
2025-10-04T15:13:20: > judt-node-template@0.1.0 dev:server
2025-10-04T15:13:20: > npm run build && npm run dev
2025-10-04T15:13:20: 
2025-10-04T15:13:21: 
2025-10-04T15:13:21: > judt-node-template@0.1.0 build
2025-10-04T15:13:21: > vite build && BUILD_SSR=true vite build
2025-10-04T15:13:21: 
2025-10-04T15:13:21: vite v7.1.4 building for production...
2025-10-04T15:13:21: transforming...
2025-10-04T15:13:21: ✓ 49 modules transformed.
2025-10-04T15:13:21: rendering chunks...
2025-10-04T15:13:21: computing gzip size...
2025-10-04T15:13:21: dist/client/index.html                   0.46 kB │ gzip:   0.31 kB
2025-10-04T15:13:21: dist/client/assets/index-DhS5VDqF.css   16.37 kB │ gzip:   3.95 kB
2025-10-04T15:13:21: dist/client/assets/index-UjPkGKlN.js   407.20 kB │ gzip: 123.44 kB
2025-10-04T15:13:21: ✓ built in 625ms
2025-10-04T15:13:22: 
2025-10-04T15:13:22: > judt-node-template@0.1.0 dev:server
2025-10-04T15:13:22: > npm run build && npm run dev
2025-10-04T15:13:22: 
2025-10-04T15:13:22: 
2025-10-04T15:13:22: > judt-node-template@0.1.0 build
2025-10-04T15:13:22: > vite build && BUILD_SSR=true vite build
2025-10-04T15:13:22: 
2025-10-04T15:13:22: vite v7.1.4 building for production...
2025-10-04T15:13:22: transforming...
2025-10-04T15:13:23: ✓ 49 modules transformed.
2025-10-04T15:13:23: rendering chunks...
2025-10-04T15:13:23: computing gzip size...
2025-10-04T15:13:23: dist/client/index.html                   0.46 kB │ gzip:   0.31 kB
2025-10-04T15:13:23: dist/client/assets/index-DhS5VDqF.css   16.37 kB │ gzip:   3.95 kB
2025-10-04T15:13:23: dist/client/assets/index-UjPkGKlN.js   407.20 kB │ gzip: 123.44 kB
2025-10-04T15:13:23: ✓ built in 646ms
2025-10-04T15:13:23: 
2025-10-04T15:13:23: > judt-node-template@0.1.0 dev:server
2025-10-04T15:13:23: > npm run build && npm run dev
2025-10-04T15:13:23: 
2025-10-04T15:13:24: 
2025-10-04T15:13:24: > judt-node-template@0.1.0 build
2025-10-04T15:13:24: > vite build && BUILD_SSR=true vite build
2025-10-04T15:13:24: 
2025-10-04T15:13:24: vite v7.1.4 building for production...
2025-10-04T15:13:24: transforming...
2025-10-04T15:13:24: ✓ 49 modules transformed.
2025-10-04T15:13:24: rendering chunks...
2025-10-04T15:13:24: computing gzip size...
2025-10-04T15:13:24: dist/client/index.html                   0.46 kB │ gzip:   0.31 kB
2025-10-04T15:13:24: dist/client/assets/index-DhS5VDqF.css   16.37 kB │ gzip:   3.95 kB
2025-10-04T15:13:24: dist/client/assets/index-UjPkGKlN.js   407.20 kB │ gzip: 123.44 kB
2025-10-04T15:13:24: ✓ built in 630ms
2025-10-04T15:13:25: 
2025-10-04T15:13:25: > judt-node-template@0.1.0 dev:server
2025-10-04T15:13:25: > npm run build && npm run dev
2025-10-04T15:13:25: 
2025-10-04T15:13:25: 
2025-10-04T15:13:25: > judt-node-template@0.1.0 build
2025-10-04T15:13:25: > vite build && BUILD_SSR=true vite build
2025-10-04T15:13:25: 
2025-10-04T15:13:25: vite v7.1.4 building for production...
2025-10-04T15:13:25: transforming...
2025-10-04T15:13:26: ✓ 49 modules transformed.
2025-10-04T15:13:26: rendering chunks...
2025-10-04T15:13:26: computing gzip size...
2025-10-04T15:13:26: dist/client/index.html                   0.46 kB │ gzip:   0.31 kB
2025-10-04T15:13:26: dist/client/assets/index-DhS5VDqF.css   16.37 kB │ gzip:   3.95 kB
2025-10-04T15:13:26: dist/client/assets/index-UjPkGKlN.js   407.20 kB │ gzip: 123.44 kB
2025-10-04T15:13:26: ✓ built in 611ms
2025-10-04T15:13:26: 
2025-10-04T15:13:26: > judt-node-template@0.1.0 dev:server
2025-10-04T15:13:26: > npm run build && npm run dev
2025-10-04T15:13:26: 
2025-10-04T15:13:27: 
2025-10-04T15:13:27: > judt-node-template@0.1.0 build
2025-10-04T15:13:27: > vite build && BUILD_SSR=true vite build
2025-10-04T15:13:27: 
2025-10-04T15:13:27: vite v7.1.4 building for production...
2025-10-04T15:13:27: transforming...
2025-10-04T15:13:27: ✓ 49 modules transformed.
2025-10-04T15:13:28: rendering chunks...
2025-10-04T15:13:28: computing gzip size...
2025-10-04T15:13:28: dist/client/index.html                   0.46 kB │ gzip:   0.31 kB
2025-10-04T15:13:28: dist/client/assets/index-DhS5VDqF.css   16.37 kB │ gzip:   3.95 kB
2025-10-04T15:13:28: dist/client/assets/index-UjPkGKlN.js   407.20 kB │ gzip: 123.44 kB
2025-10-04T15:13:28: ✓ built in 673ms
2025-10-04T15:13:28: vite v7.1.4 building SSR bundle for production...
2025-10-04T15:13:28: 
2025-10-04T15:13:28: > judt-node-template@0.1.0 dev:server
2025-10-04T15:13:28: > npm run build && npm run dev
2025-10-04T15:13:28: 
2025-10-04T15:13:28: 
2025-10-04T15:13:28: > judt-node-template@0.1.0 build
2025-10-04T15:13:28: > vite build && BUILD_SSR=true vite build
2025-10-04T15:13:28: 
2025-10-04T15:13:29: vite v7.1.4 building for production...
2025-10-04T15:13:29: transforming...
2025-10-04T15:13:29: ✓ 49 modules transformed.
2025-10-04T15:13:29: rendering chunks...
2025-10-04T15:13:29: computing gzip size...
2025-10-04T15:13:29: dist/client/index.html                   0.46 kB │ gzip:   0.31 kB
2025-10-04T15:13:29: dist/client/assets/index-DhS5VDqF.css   16.37 kB │ gzip:   3.95 kB
2025-10-04T15:13:29: dist/client/assets/index-UjPkGKlN.js   407.20 kB │ gzip: 123.44 kB
2025-10-04T15:13:29: ✓ built in 633ms
2025-10-04T15:13:29: vite v7.1.4 building SSR bundle for production...
2025-10-04T15:13:30: 
2025-10-04T15:13:30: > judt-node-template@0.1.0 dev:server
2025-10-04T15:13:30: > npm run build && npm run dev
2025-10-04T15:13:30: 
2025-10-04T15:13:30: 
2025-10-04T15:13:30: > judt-node-template@0.1.0 build
2025-10-04T15:13:30: > vite build && BUILD_SSR=true vite build
2025-10-04T15:13:30: 
2025-10-04T15:13:30: vite v7.1.4 building for production...
2025-10-04T15:13:30: transforming...
2025-10-04T15:13:31: ✓ 49 modules transformed.
2025-10-04T15:13:31: rendering chunks...
2025-10-04T15:13:31: computing gzip size...
2025-10-04T15:13:31: dist/client/index.html                   0.46 kB │ gzip:   0.31 kB
2025-10-04T15:13:31: dist/client/assets/index-DhS5VDqF.css   16.37 kB │ gzip:   3.95 kB
2025-10-04T15:13:31: dist/client/assets/index-UjPkGKlN.js   407.20 kB │ gzip: 123.44 kB
2025-10-04T15:13:31: ✓ built in 653ms
2025-10-04T15:13:31: 
2025-10-04T15:13:31: > judt-node-template@0.1.0 dev:server
2025-10-04T15:13:31: > npm run build && npm run dev
2025-10-04T15:13:31: 
2025-10-04T15:13:31: 
2025-10-04T15:13:31: > judt-node-template@0.1.0 build
2025-10-04T15:13:31: > vite build && BUILD_SSR=true vite build
2025-10-04T15:13:31: 
2025-10-04T15:13:32: vite v7.1.4 building for production...
2025-10-04T15:13:32: transforming...
2025-10-04T15:13:32: ✓ 49 modules transformed.
2025-10-04T15:13:32: rendering chunks...
2025-10-04T15:13:32: computing gzip size...
2025-10-04T15:13:32: dist/client/index.html                   0.46 kB │ gzip:   0.31 kB
2025-10-04T15:13:32: dist/client/assets/index-DhS5VDqF.css   16.37 kB │ gzip:   3.95 kB
2025-10-04T15:13:32: dist/client/assets/index-UjPkGKlN.js   407.20 kB │ gzip: 123.44 kB
2025-10-04T15:13:32: ✓ built in 621ms
2025-10-04T15:13:33: 
2025-10-04T15:13:33: > judt-node-template@0.1.0 dev:server
2025-10-04T15:13:33: > npm run build && npm run dev
2025-10-04T15:13:33: 
2025-10-04T15:13:33: 
2025-10-04T15:13:33: > judt-node-template@0.1.0 build
2025-10-04T15:13:33: > vite build && BUILD_SSR=true vite build
2025-10-04T15:13:33: 
2025-10-04T15:13:33: vite v7.1.4 building for production...
2025-10-04T15:13:33: transforming...
2025-10-04T15:13:34: ✓ 49 modules transformed.
2025-10-04T15:13:34: rendering chunks...
2025-10-04T15:13:34: computing gzip size...
2025-10-04T15:13:34: dist/client/index.html                   0.46 kB │ gzip:   0.31 kB
2025-10-04T15:13:34: dist/client/assets/index-DhS5VDqF.css   16.37 kB │ gzip:   3.95 kB
2025-10-04T15:13:34: dist/client/assets/index-UjPkGKlN.js   407.20 kB │ gzip: 123.44 kB
2025-10-04T15:13:34: ✓ built in 624ms
2025-10-04T15:13:34: 
2025-10-04T15:13:34: > judt-node-template@0.1.0 dev:server
2025-10-04T15:13:34: > npm run build && npm run dev
2025-10-04T15:13:34: 
2025-10-04T15:13:34: 
2025-10-04T15:13:34: > judt-node-template@0.1.0 build
2025-10-04T15:13:34: > vite build && BUILD_SSR=true vite build
2025-10-04T15:13:34: 
2025-10-04T15:13:35: vite v7.1.4 building for production...
2025-10-04T15:13:35: transforming...
2025-10-04T15:13:35: ✓ 49 modules transformed.
2025-10-04T15:13:35: rendering chunks...
2025-10-04T15:13:35: computing gzip size...
2025-10-04T15:13:35: dist/client/index.html                   0.46 kB │ gzip:   0.31 kB
2025-10-04T15:13:35: dist/client/assets/index-DhS5VDqF.css   16.37 kB │ gzip:   3.95 kB
2025-10-04T15:13:35: dist/client/assets/index-UjPkGKlN.js   407.20 kB │ gzip: 123.44 kB
2025-10-04T15:13:35: ✓ built in 630ms
2025-10-04T15:13:36: 
2025-10-04T15:13:36: > judt-node-template@0.1.0 dev:server
2025-10-04T15:13:36: > npm run build && npm run dev
2025-10-04T15:13:36: 
2025-10-04T15:13:36: 
2025-10-04T15:13:36: > judt-node-template@0.1.0 build
2025-10-04T15:13:36: > vite build && BUILD_SSR=true vite build
2025-10-04T15:13:36: 
2025-10-04T15:13:36: vite v7.1.4 building for production...
2025-10-04T15:13:36: transforming...
2025-10-04T15:13:37: ✓ 49 modules transformed.
2025-10-04T15:13:37: rendering chunks...
2025-10-04T15:13:37: computing gzip size...
2025-10-04T15:13:37: dist/client/index.html                   0.46 kB │ gzip:   0.31 kB
2025-10-04T15:13:37: dist/client/assets/index-DhS5VDqF.css   16.37 kB │ gzip:   3.95 kB
2025-10-04T15:13:37: dist/client/assets/index-UjPkGKlN.js   407.20 kB │ gzip: 123.44 kB
2025-10-04T15:13:37: ✓ built in 642ms
2025-10-04T15:13:37: vite v7.1.4 building SSR bundle for production...
2025-10-04T15:13:37: 
2025-10-04T15:13:37: > judt-node-template@0.1.0 dev:server
2025-10-04T15:13:37: > npm run build && npm run dev
2025-10-04T15:13:37: 
2025-10-04T15:13:38: 
2025-10-04T15:13:38: > judt-node-template@0.1.0 build
2025-10-04T15:13:38: > vite build && BUILD_SSR=true vite build
2025-10-04T15:13:38: 
2025-10-04T15:13:38: vite v7.1.4 building for production...
2025-10-04T15:13:38: transforming...
2025-10-04T15:13:39: ✓ 49 modules transformed.
2025-10-04T15:13:39: rendering chunks...
2025-10-04T15:13:39: computing gzip size...
2025-10-04T15:13:39: dist/client/index.html                   0.46 kB │ gzip:   0.31 kB
2025-10-04T15:13:39: dist/client/assets/index-DhS5VDqF.css   16.37 kB │ gzip:   3.95 kB
2025-10-04T15:13:39: dist/client/assets/index-UjPkGKlN.js   407.20 kB │ gzip: 123.44 kB
2025-10-04T15:13:39: ✓ built in 677ms
2025-10-04T15:13:39: 
2025-10-04T15:13:39: > judt-node-template@0.1.0 dev:server
2025-10-04T15:13:39: > npm run build && npm run dev
2025-10-04T15:13:39: 
2025-10-04T15:13:39: 
2025-10-04T15:13:39: > judt-node-template@0.1.0 build
2025-10-04T15:13:39: > vite build && BUILD_SSR=true vite build
2025-10-04T15:13:39: 
2025-10-04T15:13:40: vite v7.1.4 building for production...
2025-10-04T15:13:40: transforming...
2025-10-04T15:13:40: ✓ 49 modules transformed.
2025-10-04T15:13:40: rendering chunks...
2025-10-04T15:13:40: computing gzip size...
2025-10-04T15:13:40: dist/client/index.html                   0.46 kB │ gzip:   0.31 kB
2025-10-04T15:13:40: dist/client/assets/index-DhS5VDqF.css   16.37 kB │ gzip:   3.95 kB
2025-10-04T15:13:40: dist/client/assets/index-UjPkGKlN.js   407.20 kB │ gzip: 123.44 kB
2025-10-04T15:13:40: ✓ built in 629ms
2025-10-04T15:13:41: 
2025-10-04T15:13:41: > judt-node-template@0.1.0 dev:server
2025-10-04T15:13:41: > npm run build && npm run dev
2025-10-04T15:13:41: 
2025-10-04T15:13:41: 
2025-10-04T15:13:41: > judt-node-template@0.1.0 build
2025-10-04T15:13:41: > vite build && BUILD_SSR=true vite build
2025-10-04T15:13:41: 
2025-10-04T15:13:41: vite v7.1.4 building for production...
2025-10-04T15:13:41: transforming...
2025-10-04T15:13:42: ✓ 49 modules transformed.
2025-10-04T15:13:42: rendering chunks...
2025-10-04T15:13:42: computing gzip size...
2025-10-04T15:13:42: dist/client/index.html                   0.46 kB │ gzip:   0.31 kB
2025-10-04T15:13:42: dist/client/assets/index-DhS5VDqF.css   16.37 kB │ gzip:   3.95 kB
2025-10-04T15:13:42: dist/client/assets/index-UjPkGKlN.js   407.20 kB │ gzip: 123.44 kB
2025-10-04T15:13:42: ✓ built in 632ms
2025-10-04T15:13:42: 
2025-10-04T15:13:42: > judt-node-template@0.1.0 dev:server
2025-10-04T15:13:42: > npm run build && npm run dev
2025-10-04T15:13:42: 
2025-10-04T15:13:42: 
2025-10-04T15:13:42: > judt-node-template@0.1.0 build
2025-10-04T15:13:42: > vite build && BUILD_SSR=true vite build
2025-10-04T15:13:42: 
2025-10-04T15:13:43: vite v7.1.4 building for production...
2025-10-04T15:13:43: transforming...
2025-10-04T15:13:43: ✓ 49 modules transformed.
2025-10-04T15:13:43: rendering chunks...
2025-10-04T15:13:43: computing gzip size...
2025-10-04T15:13:43: dist/client/index.html                   0.46 kB │ gzip:   0.31 kB
2025-10-04T15:13:43: dist/client/assets/index-DhS5VDqF.css   16.37 kB │ gzip:   3.95 kB
2025-10-04T15:13:43: dist/client/assets/index-UjPkGKlN.js   407.20 kB │ gzip: 123.44 kB
2025-10-04T15:13:43: ✓ built in 623ms
2025-10-04T15:13:44: 
2025-10-04T15:13:44: > judt-node-template@0.1.0 dev:server
2025-10-04T15:13:44: > npm run build && npm run dev
2025-10-04T15:13:44: 
2025-10-04T15:13:44: 
2025-10-04T15:13:44: > judt-node-template@0.1.0 build
2025-10-04T15:13:44: > vite build && BUILD_SSR=true vite build
2025-10-04T15:13:44: 
2025-10-04T15:13:44: vite v7.1.4 building for production...
2025-10-04T15:13:44: transforming...
2025-10-04T15:13:45: ✓ 49 modules transformed.
2025-10-04T15:13:45: rendering chunks...
2025-10-04T15:13:45: computing gzip size...
2025-10-04T15:13:45: dist/client/index.html                   0.46 kB │ gzip:   0.31 kB
2025-10-04T15:13:45: dist/client/assets/index-DhS5VDqF.css   16.37 kB │ gzip:   3.95 kB
2025-10-04T15:13:45: dist/client/assets/index-UjPkGKlN.js   407.20 kB │ gzip: 123.44 kB
2025-10-04T15:13:45: ✓ built in 641ms
2025-10-04T15:13:45: vite v7.1.4 building SSR bundle for production...
2025-10-04T15:13:45: 
2025-10-04T15:13:45: > judt-node-template@0.1.0 dev:server
2025-10-04T15:13:45: > npm run build && npm run dev
2025-10-04T15:13:45: 
2025-10-04T15:13:45: 
2025-10-04T15:13:45: > judt-node-template@0.1.0 build
2025-10-04T15:13:45: > vite build && BUILD_SSR=true vite build
2025-10-04T15:13:45: 
2025-10-04T15:13:46: vite v7.1.4 building for production...
2025-10-04T15:13:46: transforming...
2025-10-04T15:13:46: ✓ 49 modules transformed.
2025-10-04T15:13:46: rendering chunks...
2025-10-04T15:13:46: computing gzip size...
2025-10-04T15:13:46: dist/client/index.html                   0.46 kB │ gzip:   0.31 kB
2025-10-04T15:13:46: dist/client/assets/index-DhS5VDqF.css   16.37 kB │ gzip:   3.95 kB
2025-10-04T15:13:46: dist/client/assets/index-UjPkGKlN.js   407.20 kB │ gzip: 123.44 kB
2025-10-04T15:13:46: ✓ built in 615ms
2025-10-04T15:13:47: 
2025-10-04T15:13:47: > judt-node-template@0.1.0 dev:server
2025-10-04T15:13:47: > npm run build && npm run dev
2025-10-04T15:13:47: 
2025-10-04T15:13:47: 
2025-10-04T15:13:47: > judt-node-template@0.1.0 build
2025-10-04T15:13:47: > vite build && BUILD_SSR=true vite build
2025-10-04T15:13:47: 
2025-10-04T15:13:47: vite v7.1.4 building for production...
2025-10-04T15:13:47: transforming...
2025-10-04T15:13:48: ✓ 49 modules transformed.
2025-10-04T15:13:48: rendering chunks...
2025-10-04T15:13:48: computing gzip size...
2025-10-04T15:13:48: dist/client/index.html                   0.46 kB │ gzip:   0.31 kB
2025-10-04T15:13:48: dist/client/assets/index-DhS5VDqF.css   16.37 kB │ gzip:   3.95 kB
2025-10-04T15:13:48: dist/client/assets/index-UjPkGKlN.js   407.20 kB │ gzip: 123.44 kB
2025-10-04T15:13:48: ✓ built in 657ms
2025-10-04T15:13:48: vite v7.1.4 building SSR bundle for production...
2025-10-04T15:13:48: 
2025-10-04T15:13:48: > judt-node-template@0.1.0 dev:server
2025-10-04T15:13:48: > npm run build && npm run dev
2025-10-04T15:13:48: 
2025-10-04T15:13:49: 
2025-10-04T15:13:49: > judt-node-template@0.1.0 build
2025-10-04T15:13:49: > vite build && BUILD_SSR=true vite build
2025-10-04T15:13:49: 
2025-10-04T15:13:49: vite v7.1.4 building for production...
2025-10-04T15:13:49: transforming...
2025-10-04T15:13:49: ✓ 49 modules transformed.
2025-10-04T15:13:49: rendering chunks...
2025-10-04T15:13:49: computing gzip size...
2025-10-04T15:13:49: dist/client/index.html                   0.46 kB │ gzip:   0.31 kB
2025-10-04T15:13:49: dist/client/assets/index-DhS5VDqF.css   16.37 kB │ gzip:   3.95 kB
2025-10-04T15:13:49: dist/client/assets/index-UjPkGKlN.js   407.20 kB │ gzip: 123.44 kB
2025-10-04T15:13:49: ✓ built in 612ms
2025-10-04T15:13:50: vite v7.1.4 building SSR bundle for production...
2025-10-04T15:13:50: 
2025-10-04T15:13:50: > judt-node-template@0.1.0 dev:server
2025-10-04T15:13:50: > npm run build && npm run dev
2025-10-04T15:13:50: 
2025-10-04T15:13:50: 
2025-10-04T15:13:50: > judt-node-template@0.1.0 build
2025-10-04T15:13:50: > vite build && BUILD_SSR=true vite build
2025-10-04T15:13:50: 
2025-10-04T15:13:50: vite v7.1.4 building for production...
2025-10-04T15:13:50: transforming...
2025-10-04T15:13:51: ✓ 49 modules transformed.
2025-10-04T15:13:51: rendering chunks...
2025-10-04T15:13:51: computing gzip size...
2025-10-04T15:13:51: dist/client/index.html                   0.46 kB │ gzip:   0.31 kB
2025-10-04T15:13:51: dist/client/assets/index-DhS5VDqF.css   16.37 kB │ gzip:   3.95 kB
2025-10-04T15:13:51: dist/client/assets/index-UjPkGKlN.js   407.20 kB │ gzip: 123.44 kB
2025-10-04T15:13:51: ✓ built in 628ms
2025-10-04T15:13:51: 
2025-10-04T15:13:51: > judt-node-template@0.1.0 dev:server
2025-10-04T15:13:51: > npm run build && npm run dev
2025-10-04T15:13:51: 
2025-10-04T15:13:52: 
2025-10-04T15:13:52: > judt-node-template@0.1.0 build
2025-10-04T15:13:52: > vite build && BUILD_SSR=true vite build
2025-10-04T15:13:52: 
2025-10-04T15:13:52: vite v7.1.4 building for production...
2025-10-04T15:13:52: transforming...
2025-10-04T15:13:52: ✓ 49 modules transformed.
2025-10-04T15:13:53: rendering chunks...
2025-10-04T15:13:53: computing gzip size...
2025-10-04T15:13:53: dist/client/index.html                   0.46 kB │ gzip:   0.31 kB
2025-10-04T15:13:53: dist/client/assets/index-DhS5VDqF.css   16.37 kB │ gzip:   3.95 kB
2025-10-04T15:13:53: dist/client/assets/index-UjPkGKlN.js   407.20 kB │ gzip: 123.44 kB
2025-10-04T15:13:53: ✓ built in 620ms
2025-10-04T15:13:53: 
2025-10-04T15:13:53: > judt-node-template@0.1.0 dev:server
2025-10-04T15:13:53: > npm run build && npm run dev
2025-10-04T15:13:53: 
2025-10-04T15:13:53: 
2025-10-04T15:13:53: > judt-node-template@0.1.0 build
2025-10-04T15:13:53: > vite build && BUILD_SSR=true vite build
2025-10-04T15:13:53: 
2025-10-04T15:13:53: vite v7.1.4 building for production...
2025-10-04T15:13:53: transforming...
2025-10-04T15:13:54: ✓ 49 modules transformed.
2025-10-04T15:13:54: rendering chunks...
2025-10-04T15:13:54: computing gzip size...
2025-10-04T15:13:54: dist/client/index.html                   0.46 kB │ gzip:   0.31 kB
2025-10-04T15:13:54: dist/client/assets/index-DhS5VDqF.css   16.37 kB │ gzip:   3.95 kB
2025-10-04T15:13:54: dist/client/assets/index-UjPkGKlN.js   407.20 kB │ gzip: 123.44 kB
2025-10-04T15:13:54: ✓ built in 632ms
2025-10-04T15:13:55: 
2025-10-04T15:13:55: > judt-node-template@0.1.0 dev:server
2025-10-04T15:13:55: > npm run build && npm run dev
2025-10-04T15:13:55: 
2025-10-04T15:13:55: 
2025-10-04T15:13:55: > judt-node-template@0.1.0 build
2025-10-04T15:13:55: > vite build && BUILD_SSR=true vite build
2025-10-04T15:13:55: 
2025-10-04T15:13:55: vite v7.1.4 building for production...
2025-10-04T15:13:55: transforming...
2025-10-04T15:13:56: ✓ 49 modules transformed.
2025-10-04T15:13:56: rendering chunks...
2025-10-04T15:13:56: computing gzip size...
2025-10-04T15:13:56: dist/client/index.html                   0.46 kB │ gzip:   0.31 kB
2025-10-04T15:13:56: dist/client/assets/index-DhS5VDqF.css   16.37 kB │ gzip:   3.95 kB
2025-10-04T15:13:56: dist/client/assets/index-UjPkGKlN.js   407.20 kB │ gzip: 123.44 kB
2025-10-04T15:13:56: ✓ built in 638ms
2025-10-04T15:13:56: vite v7.1.4 building SSR bundle for production...
2025-10-04T15:13:56: 
2025-10-04T15:13:56: > judt-node-template@0.1.0 dev:server
2025-10-04T15:13:56: > npm run build && npm run dev
2025-10-04T15:13:56: 
2025-10-04T15:13:56: 
2025-10-04T15:13:56: > judt-node-template@0.1.0 build
2025-10-04T15:13:56: > vite build && BUILD_SSR=true vite build
2025-10-04T15:13:56: 
2025-10-04T15:13:57: vite v7.1.4 building for production...
2025-10-04T15:13:57: transforming...
2025-10-04T15:13:57: ✓ 49 modules transformed.
2025-10-04T15:13:57: rendering chunks...
2025-10-04T15:13:57: computing gzip size...
2025-10-04T15:13:57: dist/client/index.html                   0.46 kB │ gzip:   0.31 kB
2025-10-04T15:13:57: dist/client/assets/index-DhS5VDqF.css   16.37 kB │ gzip:   3.95 kB
2025-10-04T15:13:57: dist/client/assets/index-UjPkGKlN.js   407.20 kB │ gzip: 123.44 kB
2025-10-04T15:13:57: ✓ built in 651ms
2025-10-04T15:13:57: vite v7.1.4 building SSR bundle for production...
2025-10-04T15:13:58: 
2025-10-04T15:13:58: > judt-node-template@0.1.0 dev:server
2025-10-04T15:13:58: > npm run build && npm run dev
2025-10-04T15:13:58: 
2025-10-04T15:13:58: 
2025-10-04T15:13:58: > judt-node-template@0.1.0 build
2025-10-04T15:13:58: > vite build && BUILD_SSR=true vite build
2025-10-04T15:13:58: 
2025-10-04T15:13:58: vite v7.1.4 building for production...
2025-10-04T15:13:58: transforming...
2025-10-04T15:13:59: ✓ 49 modules transformed.
2025-10-04T15:13:59: rendering chunks...
2025-10-04T15:13:59: computing gzip size...
2025-10-04T15:13:59: dist/client/index.html                   0.46 kB │ gzip:   0.31 kB
2025-10-04T15:13:59: dist/client/assets/index-DhS5VDqF.css   16.37 kB │ gzip:   3.95 kB
2025-10-04T15:13:59: dist/client/assets/index-UjPkGKlN.js   407.20 kB │ gzip: 123.44 kB
2025-10-04T15:13:59: ✓ built in 709ms
2025-10-04T15:13:59: 
2025-10-04T15:13:59: > judt-node-template@0.1.0 dev:server
2025-10-04T15:13:59: > npm run build && npm run dev
2025-10-04T15:13:59: 
2025-10-04T15:14:00: 
2025-10-04T15:14:00: > judt-node-template@0.1.0 build
2025-10-04T15:14:00: > vite build && BUILD_SSR=true vite build
2025-10-04T15:14:00: 
2025-10-04T15:14:00: vite v7.1.4 building for production...
2025-10-04T15:14:00: transforming...
2025-10-04T15:14:00: ✓ 49 modules transformed.
2025-10-04T15:14:00: rendering chunks...
2025-10-04T15:14:00: computing gzip size...
2025-10-04T15:14:00: dist/client/index.html                   0.46 kB │ gzip:   0.31 kB
2025-10-04T15:14:00: dist/client/assets/index-DhS5VDqF.css   16.37 kB │ gzip:   3.95 kB
2025-10-04T15:14:00: dist/client/assets/index-UjPkGKlN.js   407.20 kB │ gzip: 123.44 kB
2025-10-04T15:14:00: ✓ built in 635ms
2025-10-04T15:14:01: 
2025-10-04T15:14:01: > judt-node-template@0.1.0 dev:server
2025-10-04T15:14:01: > npm run build && npm run dev
2025-10-04T15:14:01: 
2025-10-04T15:14:01: 
2025-10-04T15:14:01: > judt-node-template@0.1.0 build
2025-10-04T15:14:01: > vite build && BUILD_SSR=true vite build
2025-10-04T15:14:01: 
2025-10-04T15:14:01: vite v7.1.4 building for production...
2025-10-04T15:14:01: transforming...
2025-10-04T15:14:02: ✓ 49 modules transformed.
2025-10-04T15:14:02: rendering chunks...
2025-10-04T15:14:02: computing gzip size...
2025-10-04T15:14:02: dist/client/index.html                   0.46 kB │ gzip:   0.31 kB
2025-10-04T15:14:02: dist/client/assets/index-DhS5VDqF.css   16.37 kB │ gzip:   3.95 kB
2025-10-04T15:14:02: dist/client/assets/index-UjPkGKlN.js   407.20 kB │ gzip: 123.44 kB
2025-10-04T15:14:02: ✓ built in 637ms
2025-10-04T15:14:02: 
2025-10-04T15:14:02: > judt-node-template@0.1.0 dev:server
2025-10-04T15:14:02: > npm run build && npm run dev
2025-10-04T15:14:02: 
2025-10-04T15:14:03: 
2025-10-04T15:14:03: > judt-node-template@0.1.0 build
2025-10-04T15:14:03: > vite build && BUILD_SSR=true vite build
2025-10-04T15:14:03: 
2025-10-04T15:14:03: vite v7.1.4 building for production...
2025-10-04T15:14:03: transforming...
2025-10-04T15:14:03: ✓ 49 modules transformed.
2025-10-04T15:14:04: rendering chunks...
2025-10-04T15:14:04: computing gzip size...
2025-10-04T15:14:04: dist/client/index.html                   0.46 kB │ gzip:   0.31 kB
2025-10-04T15:14:04: dist/client/assets/index-DhS5VDqF.css   16.37 kB │ gzip:   3.95 kB
2025-10-04T15:14:04: dist/client/assets/index-UjPkGKlN.js   407.20 kB │ gzip: 123.44 kB
2025-10-04T15:14:04: ✓ built in 631ms
2025-10-04T15:14:04: vite v7.1.4 building SSR bundle for production...
2025-10-04T15:14:04: 
2025-10-04T15:14:04: > judt-node-template@0.1.0 dev:server
2025-10-04T15:14:04: > npm run build && npm run dev
2025-10-04T15:14:04: 
2025-10-04T15:14:04: 
2025-10-04T15:14:04: > judt-node-template@0.1.0 build
2025-10-04T15:14:04: > vite build && BUILD_SSR=true vite build
2025-10-04T15:14:04: 
2025-10-04T15:14:05: vite v7.1.4 building for production...
2025-10-04T15:14:05: transforming...
2025-10-04T15:14:05: ✓ 49 modules transformed.
2025-10-04T15:14:05: rendering chunks...
2025-10-04T15:14:05: computing gzip size...
2025-10-04T15:14:05: dist/client/index.html                   0.46 kB │ gzip:   0.31 kB
2025-10-04T15:14:05: dist/client/assets/index-DhS5VDqF.css   16.37 kB │ gzip:   3.95 kB
2025-10-04T15:14:05: dist/client/assets/index-UjPkGKlN.js   407.20 kB │ gzip: 123.44 kB
2025-10-04T15:14:05: ✓ built in 659ms
2025-10-04T15:14:06: 
2025-10-04T15:14:06: > judt-node-template@0.1.0 dev:server
2025-10-04T15:14:06: > npm run build && npm run dev
2025-10-04T15:14:06: 
2025-10-04T15:14:06: 
2025-10-04T15:14:06: > judt-node-template@0.1.0 build
2025-10-04T15:14:06: > vite build && BUILD_SSR=true vite build
2025-10-04T15:14:06: 
2025-10-04T15:14:06: vite v7.1.4 building for production...
2025-10-04T15:14:06: transforming...
2025-10-04T15:14:07: ✓ 49 modules transformed.
2025-10-04T15:14:07: rendering chunks...
2025-10-04T15:14:07: computing gzip size...
2025-10-04T15:14:07: dist/client/index.html                   0.46 kB │ gzip:   0.31 kB
2025-10-04T15:14:07: dist/client/assets/index-DhS5VDqF.css   16.37 kB │ gzip:   3.95 kB
2025-10-04T15:14:07: dist/client/assets/index-UjPkGKlN.js   407.20 kB │ gzip: 123.44 kB
2025-10-04T15:14:07: ✓ built in 642ms
2025-10-04T15:14:07: 
2025-10-04T15:14:07: > judt-node-template@0.1.0 dev:server
2025-10-04T15:14:07: > npm run build && npm run dev
2025-10-04T15:14:07: 
2025-10-04T15:14:08: 
2025-10-04T15:14:08: > judt-node-template@0.1.0 build
2025-10-04T15:14:08: > vite build && BUILD_SSR=true vite build
2025-10-04T15:14:08: 
2025-10-04T15:14:08: vite v7.1.4 building for production...
2025-10-04T15:14:08: transforming...
2025-10-04T15:14:08: ✓ 49 modules transformed.
2025-10-04T15:14:08: rendering chunks...
2025-10-04T15:14:08: computing gzip size...
2025-10-04T15:14:08: dist/client/index.html                   0.46 kB │ gzip:   0.31 kB
2025-10-04T15:14:08: dist/client/assets/index-DhS5VDqF.css   16.37 kB │ gzip:   3.95 kB
2025-10-04T15:14:08: dist/client/assets/index-UjPkGKlN.js   407.20 kB │ gzip: 123.44 kB
2025-10-04T15:14:08: ✓ built in 627ms
2025-10-04T15:14:09: 
2025-10-04T15:14:09: > judt-node-template@0.1.0 dev:server
2025-10-04T15:14:09: > npm run build && npm run dev
2025-10-04T15:14:09: 
2025-10-04T15:14:09: 
2025-10-04T15:14:09: > judt-node-template@0.1.0 build
2025-10-04T15:14:09: > vite build && BUILD_SSR=true vite build
2025-10-04T15:14:09: 
2025-10-04T15:14:09: vite v7.1.4 building for production...
2025-10-04T15:14:09: transforming...
2025-10-04T15:14:10: ✓ 49 modules transformed.
2025-10-04T15:14:10: rendering chunks...
2025-10-04T15:14:10: computing gzip size...
2025-10-04T15:14:10: dist/client/index.html                   0.46 kB │ gzip:   0.31 kB
2025-10-04T15:14:10: dist/client/assets/index-DhS5VDqF.css   16.37 kB │ gzip:   3.95 kB
2025-10-04T15:14:10: dist/client/assets/index-UjPkGKlN.js   407.20 kB │ gzip: 123.44 kB
2025-10-04T15:14:10: ✓ built in 650ms
2025-10-04T15:14:10: 
2025-10-04T15:14:10: > judt-node-template@0.1.0 dev:server
2025-10-04T15:14:10: > npm run build && npm run dev
2025-10-04T15:14:10: 
2025-10-04T15:14:11: 
2025-10-04T15:14:11: > judt-node-template@0.1.0 build
2025-10-04T15:14:11: > vite build && BUILD_SSR=true vite build
2025-10-04T15:14:11: 
2025-10-04T15:14:11: vite v7.1.4 building for production...
2025-10-04T15:14:11: transforming...
2025-10-04T15:14:11: ✓ 49 modules transformed.
2025-10-04T15:14:12: rendering chunks...
2025-10-04T15:14:12: computing gzip size...
2025-10-04T15:14:12: dist/client/index.html                   0.46 kB │ gzip:   0.31 kB
2025-10-04T15:14:12: dist/client/assets/index-DhS5VDqF.css   16.37 kB │ gzip:   3.95 kB
2025-10-04T15:14:12: dist/client/assets/index-UjPkGKlN.js   407.20 kB │ gzip: 123.44 kB
2025-10-04T15:14:12: ✓ built in 648ms
2025-10-04T15:14:12: vite v7.1.4 building SSR bundle for production...
2025-10-04T15:14:12: 
2025-10-04T15:14:12: > judt-node-template@0.1.0 dev:server
2025-10-04T15:14:12: > npm run build && npm run dev
2025-10-04T15:14:12: 
2025-10-04T15:14:12: 
2025-10-04T15:14:12: > judt-node-template@0.1.0 build
2025-10-04T15:14:12: > vite build && BUILD_SSR=true vite build
2025-10-04T15:14:12: 
2025-10-04T15:14:13: vite v7.1.4 building for production...
2025-10-04T15:14:13: transforming...
2025-10-04T15:14:13: ✓ 49 modules transformed.
2025-10-04T15:14:13: rendering chunks...
2025-10-04T15:14:13: computing gzip size...
2025-10-04T15:14:13: dist/client/index.html                   0.46 kB │ gzip:   0.31 kB
2025-10-04T15:14:13: dist/client/assets/index-DhS5VDqF.css   16.37 kB │ gzip:   3.95 kB
2025-10-04T15:14:13: dist/client/assets/index-UjPkGKlN.js   407.20 kB │ gzip: 123.44 kB
2025-10-04T15:14:13: ✓ built in 636ms
2025-10-04T15:14:13: vite v7.1.4 building SSR bundle for production...
2025-10-04T15:14:14: 
2025-10-04T15:14:14: > judt-node-template@0.1.0 dev:server
2025-10-04T15:14:14: > npm run build && npm run dev
2025-10-04T15:14:14: 
2025-10-04T15:14:14: 
2025-10-04T15:14:14: > judt-node-template@0.1.0 build
2025-10-04T15:14:14: > vite build && BUILD_SSR=true vite build
2025-10-04T15:14:14: 
2025-10-04T15:14:14: vite v7.1.4 building for production...
2025-10-04T15:14:14: transforming...
2025-10-04T15:14:15: ✓ 49 modules transformed.
2025-10-04T15:14:15: rendering chunks...
2025-10-04T15:14:15: computing gzip size...
2025-10-04T15:14:15: dist/client/index.html                   0.46 kB │ gzip:   0.31 kB
2025-10-04T15:14:15: dist/client/assets/index-DhS5VDqF.css   16.37 kB │ gzip:   3.95 kB
2025-10-04T15:14:15: dist/client/assets/index-UjPkGKlN.js   407.20 kB │ gzip: 123.44 kB
2025-10-04T15:14:15: ✓ built in 726ms
2025-10-04T15:14:15: 
2025-10-04T15:14:15: > judt-node-template@0.1.0 dev:server
2025-10-04T15:14:15: > npm run build && npm run dev
2025-10-04T15:14:15: 
2025-10-04T15:14:15: 
2025-10-04T15:14:15: > judt-node-template@0.1.0 build
2025-10-04T15:14:15: > vite build && BUILD_SSR=true vite build
2025-10-04T15:14:15: 
2025-10-04T15:14:16: vite v7.1.4 building for production...
2025-10-04T15:14:16: transforming...
2025-10-04T15:14:16: ✓ 49 modules transformed.
2025-10-04T15:14:16: rendering chunks...
2025-10-04T15:14:16: computing gzip size...
2025-10-04T15:14:16: dist/client/index.html                   0.46 kB │ gzip:   0.31 kB
2025-10-04T15:14:16: dist/client/assets/index-DhS5VDqF.css   16.37 kB │ gzip:   3.95 kB
2025-10-04T15:14:16: dist/client/assets/index-UjPkGKlN.js   407.20 kB │ gzip: 123.44 kB
2025-10-04T15:14:16: ✓ built in 657ms
2025-10-04T15:14:17: 
2025-10-04T15:14:17: > judt-node-template@0.1.0 dev:server
2025-10-04T15:14:17: > npm run build && npm run dev
2025-10-04T15:14:17: 
2025-10-04T15:14:17: 
2025-10-04T15:14:17: > judt-node-template@0.1.0 build
2025-10-04T15:14:17: > vite build && BUILD_SSR=true vite build
2025-10-04T15:14:17: 
2025-10-04T15:14:17: vite v7.1.4 building for production...
2025-10-04T15:14:17: transforming...
2025-10-04T15:14:18: ✓ 49 modules transformed.
2025-10-04T15:14:18: rendering chunks...
2025-10-04T15:14:18: computing gzip size...
2025-10-04T15:14:18: dist/client/index.html                   0.46 kB │ gzip:   0.31 kB
2025-10-04T15:14:18: dist/client/assets/index-DhS5VDqF.css   16.37 kB │ gzip:   3.95 kB
2025-10-04T15:14:18: dist/client/assets/index-UjPkGKlN.js   407.20 kB │ gzip: 123.44 kB
2025-10-04T15:14:18: ✓ built in 670ms
2025-10-04T15:14:18: vite v7.1.4 building SSR bundle for production...
2025-10-04T15:14:18: 
2025-10-04T15:14:18: > judt-node-template@0.1.0 dev:server
2025-10-04T15:14:18: > npm run build && npm run dev
2025-10-04T15:14:18: 
2025-10-04T15:14:19: 
2025-10-04T15:14:19: > judt-node-template@0.1.0 build
2025-10-04T15:14:19: > vite build && BUILD_SSR=true vite build
2025-10-04T15:14:19: 
2025-10-04T15:14:19: vite v7.1.4 building for production...
2025-10-04T15:14:19: transforming...
2025-10-04T15:14:19: ✓ 49 modules transformed.
2025-10-04T15:14:20: rendering chunks...
2025-10-04T15:14:20: computing gzip size...
2025-10-04T15:14:20: dist/client/index.html                   0.46 kB │ gzip:   0.31 kB
2025-10-04T15:14:20: dist/client/assets/index-DhS5VDqF.css   16.37 kB │ gzip:   3.95 kB
2025-10-04T15:14:20: dist/client/assets/index-UjPkGKlN.js   407.20 kB │ gzip: 123.44 kB
2025-10-04T15:14:20: ✓ built in 623ms
2025-10-04T15:14:20: 
2025-10-04T15:14:20: > judt-node-template@0.1.0 dev:server
2025-10-04T15:14:20: > npm run build && npm run dev
2025-10-04T15:14:20: 
2025-10-04T15:14:20: 
2025-10-04T15:14:20: > judt-node-template@0.1.0 build
2025-10-04T15:14:20: > vite build && BUILD_SSR=true vite build
2025-10-04T15:14:20: 
2025-10-04T15:14:20: vite v7.1.4 building for production...
2025-10-04T15:14:21: transforming...
2025-10-04T15:14:21: ✓ 49 modules transformed.
2025-10-04T15:14:21: rendering chunks...
2025-10-04T15:14:21: computing gzip size...
2025-10-04T15:14:21: dist/client/index.html                   0.46 kB │ gzip:   0.31 kB
2025-10-04T15:14:21: dist/client/assets/index-DhS5VDqF.css   16.37 kB │ gzip:   3.95 kB
2025-10-04T15:14:21: dist/client/assets/index-UjPkGKlN.js   407.20 kB │ gzip: 123.44 kB
2025-10-04T15:14:21: ✓ built in 634ms
2025-10-04T15:14:21: vite v7.1.4 building SSR bundle for production...
2025-10-04T15:14:22: 
2025-10-04T15:14:22: > judt-node-template@0.1.0 dev:server
2025-10-04T15:14:22: > npm run build && npm run dev
2025-10-04T15:14:22: 
2025-10-04T15:14:22: 
2025-10-04T15:14:22: > judt-node-template@0.1.0 build
2025-10-04T15:14:22: > vite build && BUILD_SSR=true vite build
2025-10-04T15:14:22: 
2025-10-04T15:14:22: vite v7.1.4 building for production...
2025-10-04T15:14:22: transforming...
2025-10-04T15:14:23: ✓ 49 modules transformed.
2025-10-04T15:14:23: rendering chunks...
2025-10-04T15:14:23: computing gzip size...
2025-10-04T15:14:23: dist/client/index.html                   0.46 kB │ gzip:   0.31 kB
2025-10-04T15:14:23: dist/client/assets/index-DhS5VDqF.css   16.37 kB │ gzip:   3.95 kB
2025-10-04T15:14:23: dist/client/assets/index-UjPkGKlN.js   407.20 kB │ gzip: 123.44 kB
2025-10-04T15:14:23: ✓ built in 626ms
2025-10-04T15:14:23: 
2025-10-04T15:14:23: > judt-node-template@0.1.0 dev:server
2025-10-04T15:14:23: > npm run build && npm run dev
2025-10-04T15:14:23: 
2025-10-04T15:14:23: 
2025-10-04T15:14:23: > judt-node-template@0.1.0 build
2025-10-04T15:14:23: > vite build && BUILD_SSR=true vite build
2025-10-04T15:14:23: 
2025-10-04T15:14:24: vite v7.1.4 building for production...
2025-10-04T15:14:24: transforming...
2025-10-04T15:14:24: ✓ 49 modules transformed.
2025-10-04T15:14:24: rendering chunks...
2025-10-04T15:14:24: computing gzip size...
2025-10-04T15:14:24: dist/client/index.html                   0.46 kB │ gzip:   0.31 kB
2025-10-04T15:14:24: dist/client/assets/index-DhS5VDqF.css   16.37 kB │ gzip:   3.95 kB
2025-10-04T15:14:24: dist/client/assets/index-UjPkGKlN.js   407.20 kB │ gzip: 123.44 kB
2025-10-04T15:14:24: ✓ built in 612ms
2025-10-04T15:14:24: vite v7.1.4 building SSR bundle for production...
2025-10-04T15:14:25: 
2025-10-04T15:14:25: > judt-node-template@0.1.0 dev:server
2025-10-04T15:14:25: > npm run build && npm run dev
2025-10-04T15:14:25: 
2025-10-04T15:14:25: 
2025-10-04T15:14:25: > judt-node-template@0.1.0 build
2025-10-04T15:14:25: > vite build && BUILD_SSR=true vite build
2025-10-04T15:14:25: 
2025-10-04T15:14:25: vite v7.1.4 building for production...
2025-10-04T15:14:25: transforming...
2025-10-04T15:14:26: ✓ 49 modules transformed.
2025-10-04T15:14:26: rendering chunks...
2025-10-04T15:14:26: computing gzip size...
2025-10-04T15:14:26: dist/client/index.html                   0.46 kB │ gzip:   0.31 kB
2025-10-04T15:14:26: dist/client/assets/index-DhS5VDqF.css   16.37 kB │ gzip:   3.95 kB
2025-10-04T15:14:26: dist/client/assets/index-UjPkGKlN.js   407.20 kB │ gzip: 123.44 kB
2025-10-04T15:14:26: ✓ built in 638ms
2025-10-04T15:14:26: 
2025-10-04T15:14:26: > judt-node-template@0.1.0 dev:server
2025-10-04T15:14:26: > npm run build && npm run dev
2025-10-04T15:14:26: 
2025-10-04T15:14:26: 
2025-10-04T15:14:26: > judt-node-template@0.1.0 build
2025-10-04T15:14:26: > vite build && BUILD_SSR=true vite build
2025-10-04T15:14:26: 
2025-10-04T15:14:27: vite v7.1.4 building for production...
2025-10-04T15:14:27: transforming...
2025-10-04T15:14:27: ✓ 49 modules transformed.
2025-10-04T15:14:27: rendering chunks...
2025-10-04T15:14:27: computing gzip size...
2025-10-04T15:14:27: dist/client/index.html                   0.46 kB │ gzip:   0.31 kB
2025-10-04T15:14:27: dist/client/assets/index-DhS5VDqF.css   16.37 kB │ gzip:   3.95 kB
2025-10-04T15:14:27: dist/client/assets/index-UjPkGKlN.js   407.20 kB │ gzip: 123.44 kB
2025-10-04T15:14:27: ✓ built in 663ms
2025-10-04T15:14:28: vite v7.1.4 building SSR bundle for production...
2025-10-04T15:14:28: 
2025-10-04T15:14:28: > judt-node-template@0.1.0 dev:server
2025-10-04T15:14:28: > npm run build && npm run dev
2025-10-04T15:14:28: 
2025-10-04T15:14:28: 
2025-10-04T15:14:28: > judt-node-template@0.1.0 build
2025-10-04T15:14:28: > vite build && BUILD_SSR=true vite build
2025-10-04T15:14:28: 
2025-10-04T15:14:28: vite v7.1.4 building for production...
2025-10-04T15:14:28: transforming...
2025-10-04T15:14:29: ✓ 49 modules transformed.
2025-10-04T15:14:29: rendering chunks...
2025-10-04T15:14:29: computing gzip size...
2025-10-04T15:14:29: dist/client/index.html                   0.46 kB │ gzip:   0.31 kB
2025-10-04T15:14:29: dist/client/assets/index-DhS5VDqF.css   16.37 kB │ gzip:   3.95 kB
2025-10-04T15:14:29: dist/client/assets/index-UjPkGKlN.js   407.20 kB │ gzip: 123.44 kB
2025-10-04T15:14:29: ✓ built in 679ms
2025-10-04T15:14:29: vite v7.1.4 building SSR bundle for production...
2025-10-04T15:14:30: 
2025-10-04T15:14:30: > judt-node-template@0.1.0 dev:server
2025-10-04T15:14:30: > npm run build && npm run dev
2025-10-04T15:14:30: 
2025-10-04T15:14:30: 
2025-10-04T15:14:30: > judt-node-template@0.1.0 build
2025-10-04T15:14:30: > vite build && BUILD_SSR=true vite build
2025-10-04T15:14:30: 
2025-10-04T15:14:30: vite v7.1.4 building for production...
2025-10-04T15:14:30: transforming...
2025-10-04T15:14:31: ✓ 49 modules transformed.
2025-10-04T15:14:31: rendering chunks...
2025-10-04T15:14:31: computing gzip size...
2025-10-04T15:14:31: dist/client/index.html                   0.46 kB │ gzip:   0.31 kB
2025-10-04T15:14:31: dist/client/assets/index-DhS5VDqF.css   16.37 kB │ gzip:   3.95 kB
2025-10-04T15:14:31: dist/client/assets/index-UjPkGKlN.js   407.20 kB │ gzip: 123.44 kB
2025-10-04T15:14:31: ✓ built in 633ms
2025-10-04T15:14:31: vite v7.1.4 building SSR bundle for production...
2025-10-04T15:14:31: 
2025-10-04T15:14:31: > judt-node-template@0.1.0 dev:server
2025-10-04T15:14:31: > npm run build && npm run dev
2025-10-04T15:14:31: 
2025-10-04T15:14:31: 
2025-10-04T15:14:31: > judt-node-template@0.1.0 build
2025-10-04T15:14:31: > vite build && BUILD_SSR=true vite build
2025-10-04T15:14:31: 
2025-10-04T15:14:32: vite v7.1.4 building for production...
2025-10-04T15:14:32: transforming...
2025-10-04T15:14:32: ✓ 49 modules transformed.
2025-10-04T15:14:32: rendering chunks...
2025-10-04T15:14:32: computing gzip size...
2025-10-04T15:14:32: dist/client/index.html                   0.46 kB │ gzip:   0.31 kB
2025-10-04T15:14:32: dist/client/assets/index-DhS5VDqF.css   16.37 kB │ gzip:   3.95 kB
2025-10-04T15:14:32: dist/client/assets/index-UjPkGKlN.js   407.20 kB │ gzip: 123.44 kB
2025-10-04T15:14:32: ✓ built in 615ms
2025-10-04T15:14:33: 
2025-10-04T15:14:33: > judt-node-template@0.1.0 dev:server
2025-10-04T15:14:33: > npm run build && npm run dev
2025-10-04T15:14:33: 
2025-10-04T15:14:33: 
2025-10-04T15:14:33: > judt-node-template@0.1.0 build
2025-10-04T15:14:33: > vite build && BUILD_SSR=true vite build
2025-10-04T15:14:33: 
2025-10-04T15:14:33: vite v7.1.4 building for production...
2025-10-04T15:14:33: transforming...
2025-10-04T15:14:34: ✓ 49 modules transformed.
2025-10-04T15:14:34: rendering chunks...
2025-10-04T15:14:34: computing gzip size...
2025-10-04T15:14:34: dist/client/index.html                   0.46 kB │ gzip:   0.31 kB
2025-10-04T15:14:34: dist/client/assets/index-DhS5VDqF.css   16.37 kB │ gzip:   3.95 kB
2025-10-04T15:14:34: dist/client/assets/index-UjPkGKlN.js   407.20 kB │ gzip: 123.44 kB
2025-10-04T15:14:34: ✓ built in 613ms
2025-10-04T15:14:34: 
2025-10-04T15:14:34: > judt-node-template@0.1.0 dev:server
2025-10-04T15:14:34: > npm run build && npm run dev
2025-10-04T15:14:34: 
2025-10-04T15:14:34: 
2025-10-04T15:14:34: > judt-node-template@0.1.0 build
2025-10-04T15:14:34: > vite build && BUILD_SSR=true vite build
2025-10-04T15:14:34: 
2025-10-04T15:14:35: vite v7.1.4 building for production...
2025-10-04T15:14:35: transforming...
2025-10-04T15:14:35: ✓ 49 modules transformed.
2025-10-04T15:14:35: rendering chunks...
2025-10-04T15:14:35: computing gzip size...
2025-10-04T15:14:35: dist/client/index.html                   0.46 kB │ gzip:   0.31 kB
2025-10-04T15:14:35: dist/client/assets/index-DhS5VDqF.css   16.37 kB │ gzip:   3.95 kB
2025-10-04T15:14:35: dist/client/assets/index-UjPkGKlN.js   407.20 kB │ gzip: 123.44 kB
2025-10-04T15:14:35: ✓ built in 644ms
2025-10-04T15:14:36: vite v7.1.4 building SSR bundle for production...
2025-10-04T15:14:36: 
2025-10-04T15:14:36: > judt-node-template@0.1.0 dev:server
2025-10-04T15:14:36: > npm run build && npm run dev
2025-10-04T15:14:36: 
2025-10-04T15:14:36: 
2025-10-04T15:14:36: > judt-node-template@0.1.0 build
2025-10-04T15:14:36: > vite build && BUILD_SSR=true vite build
2025-10-04T15:14:36: 
2025-10-04T15:14:36: vite v7.1.4 building for production...
2025-10-04T15:14:36: transforming...
2025-10-04T15:14:37: ✓ 49 modules transformed.
2025-10-04T15:14:37: rendering chunks...
2025-10-04T15:14:37: computing gzip size...
2025-10-04T15:14:37: dist/client/index.html                   0.46 kB │ gzip:   0.31 kB
2025-10-04T15:14:37: dist/client/assets/index-DhS5VDqF.css   16.37 kB │ gzip:   3.95 kB
2025-10-04T15:14:37: dist/client/assets/index-UjPkGKlN.js   407.20 kB │ gzip: 123.44 kB
2025-10-04T15:14:37: ✓ built in 623ms
2025-10-04T15:14:37: 
2025-10-04T15:14:37: > judt-node-template@0.1.0 dev:server
2025-10-04T15:14:37: > npm run build && npm run dev
2025-10-04T15:14:37: 
2025-10-04T15:14:38: 
2025-10-04T15:14:38: > judt-node-template@0.1.0 build
2025-10-04T15:14:38: > vite build && BUILD_SSR=true vite build
2025-10-04T15:14:38: 
2025-10-04T15:14:38: vite v7.1.4 building for production...
2025-10-04T15:14:38: transforming...
2025-10-04T15:14:38: ✓ 49 modules transformed.
2025-10-04T15:14:38: rendering chunks...
2025-10-04T15:14:38: computing gzip size...
2025-10-04T15:14:38: dist/client/index.html                   0.46 kB │ gzip:   0.31 kB
2025-10-04T15:14:38: dist/client/assets/index-DhS5VDqF.css   16.37 kB │ gzip:   3.95 kB
2025-10-04T15:14:38: dist/client/assets/index-UjPkGKlN.js   407.20 kB │ gzip: 123.44 kB
2025-10-04T15:14:38: ✓ built in 621ms
2025-10-04T15:14:39: 
2025-10-04T15:14:39: > judt-node-template@0.1.0 dev:server
2025-10-04T15:14:39: > npm run build && npm run dev
2025-10-04T15:14:39: 
2025-10-04T15:14:39: 
2025-10-04T15:14:39: > judt-node-template@0.1.0 build
2025-10-04T15:14:39: > vite build && BUILD_SSR=true vite build
2025-10-04T15:14:39: 
2025-10-04T15:14:39: vite v7.1.4 building for production...
2025-10-04T15:14:39: transforming...
2025-10-04T15:14:40: ✓ 49 modules transformed.
2025-10-04T15:14:40: rendering chunks...
2025-10-04T15:14:40: computing gzip size...
2025-10-04T15:14:40: dist/client/index.html                   0.46 kB │ gzip:   0.31 kB
2025-10-04T15:14:40: dist/client/assets/index-DhS5VDqF.css   16.37 kB │ gzip:   3.95 kB
2025-10-04T15:14:40: dist/client/assets/index-UjPkGKlN.js   407.20 kB │ gzip: 123.44 kB
2025-10-04T15:14:40: ✓ built in 620ms
2025-10-04T15:14:40: vite v7.1.4 building SSR bundle for production...
2025-10-04T15:14:41: 
2025-10-04T15:14:41: > judt-node-template@0.1.0 dev:server
2025-10-04T15:14:41: > npm run build && npm run dev
2025-10-04T15:14:41: 
2025-10-04T15:14:41: 
2025-10-04T15:14:41: > judt-node-template@0.1.0 build
2025-10-04T15:14:41: > vite build && BUILD_SSR=true vite build
2025-10-04T15:14:41: 
2025-10-04T15:14:41: vite v7.1.4 building for production...
2025-10-04T15:14:41: transforming...
2025-10-04T15:14:42: ✓ 49 modules transformed.
2025-10-04T15:14:42: rendering chunks...
2025-10-04T15:14:42: computing gzip size...
2025-10-04T15:14:42: dist/client/index.html                   0.46 kB │ gzip:   0.31 kB
2025-10-04T15:14:42: dist/client/assets/index-DhS5VDqF.css   16.37 kB │ gzip:   3.95 kB
2025-10-04T15:14:42: dist/client/assets/index-UjPkGKlN.js   407.20 kB │ gzip: 123.44 kB
2025-10-04T15:14:42: ✓ built in 663ms
2025-10-04T15:14:42: vite v7.1.4 building SSR bundle for production...
2025-10-04T15:14:42: 
2025-10-04T15:14:42: > judt-node-template@0.1.0 dev:server
2025-10-04T15:14:42: > npm run build && npm run dev
2025-10-04T15:14:42: 
2025-10-04T15:14:42: 
2025-10-04T15:14:42: > judt-node-template@0.1.0 build
2025-10-04T15:14:42: > vite build && BUILD_SSR=true vite build
2025-10-04T15:14:42: 
2025-10-04T15:14:43: vite v7.1.4 building for production...
2025-10-04T15:14:43: transforming...
2025-10-04T15:14:43: ✓ 49 modules transformed.
2025-10-04T15:14:43: rendering chunks...
2025-10-04T15:14:43: computing gzip size...
2025-10-04T15:14:43: dist/client/index.html                   0.46 kB │ gzip:   0.31 kB
2025-10-04T15:14:43: dist/client/assets/index-DhS5VDqF.css   16.37 kB │ gzip:   3.95 kB
2025-10-04T15:14:43: dist/client/assets/index-UjPkGKlN.js   407.20 kB │ gzip: 123.44 kB
2025-10-04T15:14:43: ✓ built in 622ms
2025-10-04T15:14:44: 
2025-10-04T15:14:44: > judt-node-template@0.1.0 dev:server
2025-10-04T15:14:44: > npm run build && npm run dev
2025-10-04T15:14:44: 
2025-10-04T15:14:44: 
2025-10-04T15:14:44: > judt-node-template@0.1.0 build
2025-10-04T15:14:44: > vite build && BUILD_SSR=true vite build
2025-10-04T15:14:44: 
2025-10-04T15:14:44: vite v7.1.4 building for production...
2025-10-04T15:14:44: transforming...
2025-10-04T15:14:45: ✓ 49 modules transformed.
2025-10-04T15:14:45: rendering chunks...
2025-10-04T15:14:45: computing gzip size...
2025-10-04T15:14:45: dist/client/index.html                   0.46 kB │ gzip:   0.31 kB
2025-10-04T15:14:45: dist/client/assets/index-DhS5VDqF.css   16.37 kB │ gzip:   3.95 kB
2025-10-04T15:14:45: dist/client/assets/index-UjPkGKlN.js   407.20 kB │ gzip: 123.44 kB
2025-10-04T15:14:45: ✓ built in 622ms
2025-10-04T15:14:45: 
2025-10-04T15:14:45: > judt-node-template@0.1.0 dev:server
2025-10-04T15:14:45: > npm run build && npm run dev
2025-10-04T15:14:45: 
2025-10-04T15:14:45: 
2025-10-04T15:14:45: > judt-node-template@0.1.0 build
2025-10-04T15:14:45: > vite build && BUILD_SSR=true vite build
2025-10-04T15:14:45: 
2025-10-04T15:14:46: vite v7.1.4 building for production...
2025-10-04T15:14:46: transforming...
2025-10-04T15:14:46: ✓ 49 modules transformed.
2025-10-04T15:14:46: rendering chunks...
2025-10-04T15:14:46: computing gzip size...
2025-10-04T15:14:46: dist/client/index.html                   0.46 kB │ gzip:   0.31 kB
2025-10-04T15:14:46: dist/client/assets/index-DhS5VDqF.css   16.37 kB │ gzip:   3.95 kB
2025-10-04T15:14:46: dist/client/assets/index-UjPkGKlN.js   407.20 kB │ gzip: 123.44 kB
2025-10-04T15:14:46: ✓ built in 630ms
2025-10-04T15:14:47: vite v7.1.4 building SSR bundle for production...
2025-10-04T15:14:47: 
2025-10-04T15:14:47: > judt-node-template@0.1.0 dev:server
2025-10-04T15:14:47: > npm run build && npm run dev
2025-10-04T15:14:47: 
2025-10-04T15:14:47: 
2025-10-04T15:14:47: > judt-node-template@0.1.0 build
2025-10-04T15:14:47: > vite build && BUILD_SSR=true vite build
2025-10-04T15:14:47: 
2025-10-04T15:14:47: vite v7.1.4 building for production...
2025-10-04T15:14:47: transforming...
2025-10-04T15:14:48: ✓ 49 modules transformed.
2025-10-04T15:14:48: rendering chunks...
2025-10-04T15:14:48: computing gzip size...
2025-10-04T15:14:48: dist/client/index.html                   0.46 kB │ gzip:   0.31 kB
2025-10-04T15:14:48: dist/client/assets/index-DhS5VDqF.css   16.37 kB │ gzip:   3.95 kB
2025-10-04T15:14:48: dist/client/assets/index-UjPkGKlN.js   407.20 kB │ gzip: 123.44 kB
2025-10-04T15:14:48: ✓ built in 698ms
2025-10-04T15:14:48: vite v7.1.4 building SSR bundle for production...
2025-10-04T15:14:48: 
2025-10-04T15:14:48: > judt-node-template@0.1.0 dev:server
2025-10-04T15:14:48: > npm run build && npm run dev
2025-10-04T15:14:48: 
2025-10-04T15:14:49: 
2025-10-04T15:14:49: > judt-node-template@0.1.0 build
2025-10-04T15:14:49: > vite build && BUILD_SSR=true vite build
2025-10-04T15:14:49: 
2025-10-04T15:14:49: vite v7.1.4 building for production...
2025-10-04T15:14:49: transforming...
2025-10-04T15:14:49: ✓ 49 modules transformed.
2025-10-04T15:14:50: rendering chunks...
2025-10-04T15:14:50: computing gzip size...
2025-10-04T15:14:50: dist/client/index.html                   0.46 kB │ gzip:   0.31 kB
2025-10-04T15:14:50: dist/client/assets/index-DhS5VDqF.css   16.37 kB │ gzip:   3.95 kB
2025-10-04T15:14:50: dist/client/assets/index-UjPkGKlN.js   407.20 kB │ gzip: 123.44 kB
2025-10-04T15:14:50: ✓ built in 622ms
2025-10-04T15:14:50: vite v7.1.4 building SSR bundle for production...
2025-10-04T15:14:50: 
2025-10-04T15:14:50: > judt-node-template@0.1.0 dev:server
2025-10-04T15:14:50: > npm run build && npm run dev
2025-10-04T15:14:50: 
2025-10-04T15:14:50: 
2025-10-04T15:14:50: > judt-node-template@0.1.0 build
2025-10-04T15:14:50: > vite build && BUILD_SSR=true vite build
2025-10-04T15:14:50: 
2025-10-04T15:14:51: vite v7.1.4 building for production...
2025-10-04T15:14:51: transforming...
2025-10-04T15:14:51: ✓ 49 modules transformed.
2025-10-04T15:14:51: rendering chunks...
2025-10-04T15:14:51: computing gzip size...
2025-10-04T15:14:51: dist/client/index.html                   0.46 kB │ gzip:   0.31 kB
2025-10-04T15:14:51: dist/client/assets/index-DhS5VDqF.css   16.37 kB │ gzip:   3.95 kB
2025-10-04T15:14:51: dist/client/assets/index-UjPkGKlN.js   407.20 kB │ gzip: 123.44 kB
2025-10-04T15:14:51: ✓ built in 629ms
2025-10-04T15:14:52: 
2025-10-04T15:14:52: > judt-node-template@0.1.0 dev:server
2025-10-04T15:14:52: > npm run build && npm run dev
2025-10-04T15:14:52: 
2025-10-04T15:14:52: 
2025-10-04T15:14:52: > judt-node-template@0.1.0 build
2025-10-04T15:14:52: > vite build && BUILD_SSR=true vite build
2025-10-04T15:14:52: 
2025-10-04T15:14:52: vite v7.1.4 building for production...
2025-10-04T15:14:52: transforming...
2025-10-04T15:14:53: ✓ 49 modules transformed.
2025-10-04T15:14:53: rendering chunks...
2025-10-04T15:14:53: computing gzip size...
2025-10-04T15:14:53: dist/client/index.html                   0.46 kB │ gzip:   0.31 kB
2025-10-04T15:14:53: dist/client/assets/index-DhS5VDqF.css   16.37 kB │ gzip:   3.95 kB
2025-10-04T15:14:53: dist/client/assets/index-UjPkGKlN.js   407.20 kB │ gzip: 123.44 kB
2025-10-04T15:14:53: ✓ built in 678ms
2025-10-04T15:14:53: 
2025-10-04T15:14:53: > judt-node-template@0.1.0 dev:server
2025-10-04T15:14:53: > npm run build && npm run dev
2025-10-04T15:14:53: 
2025-10-04T15:14:53: 
2025-10-04T15:14:53: > judt-node-template@0.1.0 build
2025-10-04T15:14:53: > vite build && BUILD_SSR=true vite build
2025-10-04T15:14:53: 
2025-10-04T15:14:54: vite v7.1.4 building for production...
2025-10-04T15:14:54: transforming...
2025-10-04T15:14:54: ✓ 49 modules transformed.
2025-10-04T15:14:54: rendering chunks...
2025-10-04T15:14:54: computing gzip size...
2025-10-04T15:14:54: dist/client/index.html                   0.46 kB │ gzip:   0.31 kB
2025-10-04T15:14:54: dist/client/assets/index-DhS5VDqF.css   16.37 kB │ gzip:   3.95 kB
2025-10-04T15:14:54: dist/client/assets/index-UjPkGKlN.js   407.20 kB │ gzip: 123.44 kB
2025-10-04T15:14:54: ✓ built in 663ms
2025-10-04T15:14:55: 
2025-10-04T15:14:55: > judt-node-template@0.1.0 dev:server
2025-10-04T15:14:55: > npm run build && npm run dev
2025-10-04T15:14:55: 
2025-10-04T15:14:55: 
2025-10-04T15:14:55: > judt-node-template@0.1.0 build
2025-10-04T15:14:55: > vite build && BUILD_SSR=true vite build
2025-10-04T15:14:55: 
2025-10-04T15:14:55: vite v7.1.4 building for production...
2025-10-04T15:14:55: transforming...
2025-10-04T15:14:56: ✓ 49 modules transformed.
2025-10-04T15:14:56: rendering chunks...
2025-10-04T15:14:56: computing gzip size...
2025-10-04T15:14:56: dist/client/index.html                   0.46 kB │ gzip:   0.31 kB
2025-10-04T15:14:56: dist/client/assets/index-DhS5VDqF.css   16.37 kB │ gzip:   3.95 kB
2025-10-04T15:14:56: dist/client/assets/index-UjPkGKlN.js   407.20 kB │ gzip: 123.44 kB
2025-10-04T15:14:56: ✓ built in 618ms
2025-10-04T15:14:56: vite v7.1.4 building SSR bundle for production...
2025-10-04T15:14:56: 
2025-10-04T15:14:56: > judt-node-template@0.1.0 dev:server
2025-10-04T15:14:56: > npm run build && npm run dev
2025-10-04T15:14:56: 
2025-10-04T15:14:57: 
2025-10-04T15:14:57: > judt-node-template@0.1.0 build
2025-10-04T15:14:57: > vite build && BUILD_SSR=true vite build
2025-10-04T15:14:57: 
2025-10-04T15:14:57: vite v7.1.4 building for production...
2025-10-04T15:14:57: transforming...
2025-10-04T15:14:57: ✓ 49 modules transformed.
2025-10-04T15:14:58: rendering chunks...
2025-10-04T15:14:58: computing gzip size...
2025-10-04T15:14:58: dist/client/index.html                   0.46 kB │ gzip:   0.31 kB
2025-10-04T15:14:58: dist/client/assets/index-DhS5VDqF.css   16.37 kB │ gzip:   3.95 kB
2025-10-04T15:14:58: dist/client/assets/index-UjPkGKlN.js   407.20 kB │ gzip: 123.44 kB
2025-10-04T15:14:58: ✓ built in 618ms
2025-10-04T15:14:58: 
2025-10-04T15:14:58: > judt-node-template@0.1.0 dev:server
2025-10-04T15:14:58: > npm run build && npm run dev
2025-10-04T15:14:58: 
2025-10-04T15:14:58: 
2025-10-04T15:14:58: > judt-node-template@0.1.0 build
2025-10-04T15:14:58: > vite build && BUILD_SSR=true vite build
2025-10-04T15:14:58: 
2025-10-04T15:14:58: vite v7.1.4 building for production...
2025-10-04T15:14:58: transforming...
2025-10-04T15:14:59: ✓ 49 modules transformed.
2025-10-04T15:14:59: rendering chunks...
2025-10-04T15:14:59: computing gzip size...
2025-10-04T15:14:59: dist/client/index.html                   0.46 kB │ gzip:   0.31 kB
2025-10-04T15:14:59: dist/client/assets/index-DhS5VDqF.css   16.37 kB │ gzip:   3.95 kB
2025-10-04T15:14:59: dist/client/assets/index-UjPkGKlN.js   407.20 kB │ gzip: 123.44 kB
2025-10-04T15:14:59: ✓ built in 701ms
2025-10-04T15:14:59: vite v7.1.4 building SSR bundle for production...
2025-10-04T15:15:00: 
2025-10-04T15:15:00: > judt-node-template@0.1.0 dev:server
2025-10-04T15:15:00: > npm run build && npm run dev
2025-10-04T15:15:00: 
2025-10-04T15:15:00: 
2025-10-04T15:15:00: > judt-node-template@0.1.0 build
2025-10-04T15:15:00: > vite build && BUILD_SSR=true vite build
2025-10-04T15:15:00: 
2025-10-04T15:15:00: vite v7.1.4 building for production...
2025-10-04T15:15:00: transforming...
2025-10-04T15:15:01: ✓ 49 modules transformed.
2025-10-04T15:15:01: rendering chunks...
2025-10-04T15:15:01: computing gzip size...
2025-10-04T15:15:01: dist/client/index.html                   0.46 kB │ gzip:   0.31 kB
2025-10-04T15:15:01: dist/client/assets/index-DhS5VDqF.css   16.37 kB │ gzip:   3.95 kB
2025-10-04T15:15:01: dist/client/assets/index-UjPkGKlN.js   407.20 kB │ gzip: 123.44 kB
2025-10-04T15:15:01: ✓ built in 637ms
2025-10-04T15:15:01: 
2025-10-04T15:15:01: > judt-node-template@0.1.0 dev:server
2025-10-04T15:15:01: > npm run build && npm run dev
2025-10-04T15:15:01: 
2025-10-04T15:15:01: 
2025-10-04T15:15:01: > judt-node-template@0.1.0 build
2025-10-04T15:15:01: > vite build && BUILD_SSR=true vite build
2025-10-04T15:15:01: 
2025-10-04T15:15:02: vite v7.1.4 building for production...
2025-10-04T15:15:02: transforming...
2025-10-04T15:15:02: ✓ 49 modules transformed.
2025-10-04T15:15:02: rendering chunks...
2025-10-04T15:15:02: computing gzip size...
2025-10-04T15:15:02: dist/client/index.html                   0.46 kB │ gzip:   0.31 kB
2025-10-04T15:15:02: dist/client/assets/index-DhS5VDqF.css   16.37 kB │ gzip:   3.95 kB
2025-10-04T15:15:02: dist/client/assets/index-UjPkGKlN.js   407.20 kB │ gzip: 123.44 kB
2025-10-04T15:15:02: ✓ built in 632ms
2025-10-04T15:15:03: 
2025-10-04T15:15:03: > judt-node-template@0.1.0 dev:server
2025-10-04T15:15:03: > npm run build && npm run dev
2025-10-04T15:15:03: 
2025-10-04T15:15:03: 
2025-10-04T15:15:03: > judt-node-template@0.1.0 build
2025-10-04T15:15:03: > vite build && BUILD_SSR=true vite build
2025-10-04T15:15:03: 
2025-10-04T15:15:03: vite v7.1.4 building for production...
2025-10-04T15:15:03: transforming...
2025-10-04T15:15:04: ✓ 49 modules transformed.
2025-10-04T15:15:04: rendering chunks...
2025-10-04T15:15:04: computing gzip size...
2025-10-04T15:15:04: dist/client/index.html                   0.46 kB │ gzip:   0.31 kB
2025-10-04T15:15:04: dist/client/assets/index-DhS5VDqF.css   16.37 kB │ gzip:   3.95 kB
2025-10-04T15:15:04: dist/client/assets/index-UjPkGKlN.js   407.20 kB │ gzip: 123.44 kB
2025-10-04T15:15:04: ✓ built in 628ms
2025-10-04T15:15:04: 
2025-10-04T15:15:04: > judt-node-template@0.1.0 dev:server
2025-10-04T15:15:04: > npm run build && npm run dev
2025-10-04T15:15:04: 
2025-10-04T15:15:04: 
2025-10-04T15:15:04: > judt-node-template@0.1.0 build
2025-10-04T15:15:04: > vite build && BUILD_SSR=true vite build
2025-10-04T15:15:04: 
2025-10-04T15:15:05: vite v7.1.4 building for production...
2025-10-04T15:15:05: transforming...
2025-10-04T15:15:05: ✓ 49 modules transformed.
2025-10-04T15:15:05: rendering chunks...
2025-10-04T15:15:05: computing gzip size...
2025-10-04T15:15:05: dist/client/index.html                   0.46 kB │ gzip:   0.31 kB
2025-10-04T15:15:05: dist/client/assets/index-DhS5VDqF.css   16.37 kB │ gzip:   3.95 kB
2025-10-04T15:15:05: dist/client/assets/index-UjPkGKlN.js   407.20 kB │ gzip: 123.44 kB
2025-10-04T15:15:05: ✓ built in 639ms
2025-10-04T15:15:06: vite v7.1.4 building SSR bundle for production...
2025-10-04T15:15:06: 
2025-10-04T15:15:06: > judt-node-template@0.1.0 dev:server
2025-10-04T15:15:06: > npm run build && npm run dev
2025-10-04T15:15:06: 
2025-10-04T15:15:06: 
2025-10-04T15:15:06: > judt-node-template@0.1.0 build
2025-10-04T15:15:06: > vite build && BUILD_SSR=true vite build
2025-10-04T15:15:06: 
2025-10-04T15:15:06: vite v7.1.4 building for production...
2025-10-04T15:15:06: transforming...
2025-10-04T15:15:07: ✓ 49 modules transformed.
2025-10-04T15:15:07: rendering chunks...
2025-10-04T15:15:07: computing gzip size...
2025-10-04T15:15:07: dist/client/index.html                   0.46 kB │ gzip:   0.31 kB
2025-10-04T15:15:07: dist/client/assets/index-DhS5VDqF.css   16.37 kB │ gzip:   3.95 kB
2025-10-04T15:15:07: dist/client/assets/index-UjPkGKlN.js   407.20 kB │ gzip: 123.44 kB
2025-10-04T15:15:07: ✓ built in 638ms
2025-10-04T15:15:07: vite v7.1.4 building SSR bundle for production...
2025-10-04T15:15:07: 
2025-10-04T15:15:07: > judt-node-template@0.1.0 dev:server
2025-10-04T15:15:07: > npm run build && npm run dev
2025-10-04T15:15:07: 
2025-10-04T15:15:08: 
2025-10-04T15:15:08: > judt-node-template@0.1.0 build
2025-10-04T15:15:08: > vite build && BUILD_SSR=true vite build
2025-10-04T15:15:08: 
2025-10-04T15:15:08: vite v7.1.4 building for production...
2025-10-04T15:15:08: transforming...
2025-10-04T15:15:08: ✓ 49 modules transformed.
2025-10-04T15:15:08: rendering chunks...
2025-10-04T15:15:08: computing gzip size...
2025-10-04T15:15:08: dist/client/index.html                   0.46 kB │ gzip:   0.31 kB
2025-10-04T15:15:08: dist/client/assets/index-DhS5VDqF.css   16.37 kB │ gzip:   3.95 kB
2025-10-04T15:15:08: dist/client/assets/index-UjPkGKlN.js   407.20 kB │ gzip: 123.44 kB
2025-10-04T15:15:08: ✓ built in 624ms
2025-10-04T15:15:09: 
2025-10-04T15:15:09: > judt-node-template@0.1.0 dev:server
2025-10-04T15:15:09: > npm run build && npm run dev
2025-10-04T15:15:09: 
2025-10-04T15:15:09: 
2025-10-04T15:15:09: > judt-node-template@0.1.0 build
2025-10-04T15:15:09: > vite build && BUILD_SSR=true vite build
2025-10-04T15:15:09: 
2025-10-04T15:15:09: vite v7.1.4 building for production...
2025-10-04T15:15:09: transforming...
2025-10-04T15:15:10: ✓ 49 modules transformed.
2025-10-04T15:15:10: rendering chunks...
2025-10-04T15:15:10: computing gzip size...
2025-10-04T15:15:10: dist/client/index.html                   0.46 kB │ gzip:   0.31 kB
2025-10-04T15:15:10: dist/client/assets/index-DhS5VDqF.css   16.37 kB │ gzip:   3.95 kB
2025-10-04T15:15:10: dist/client/assets/index-UjPkGKlN.js   407.20 kB │ gzip: 123.44 kB
2025-10-04T15:15:10: ✓ built in 643ms
2025-10-04T15:15:10: vite v7.1.4 building SSR bundle for production...
2025-10-04T15:15:10: 
2025-10-04T15:15:10: > judt-node-template@0.1.0 dev:server
2025-10-04T15:15:10: > npm run build && npm run dev
2025-10-04T15:15:10: 
2025-10-04T15:15:11: 
2025-10-04T15:15:11: > judt-node-template@0.1.0 build
2025-10-04T15:15:11: > vite build && BUILD_SSR=true vite build
2025-10-04T15:15:11: 
2025-10-04T15:15:11: vite v7.1.4 building for production...
2025-10-04T15:15:11: transforming...
2025-10-04T15:15:11: ✓ 49 modules transformed.
2025-10-04T15:15:12: rendering chunks...
2025-10-04T15:15:12: computing gzip size...
2025-10-04T15:15:12: dist/client/index.html                   0.46 kB │ gzip:   0.31 kB
2025-10-04T15:15:12: dist/client/assets/index-DhS5VDqF.css   16.37 kB │ gzip:   3.95 kB
2025-10-04T15:15:12: dist/client/assets/index-UjPkGKlN.js   407.20 kB │ gzip: 123.44 kB
2025-10-04T15:15:12: ✓ built in 629ms
2025-10-04T15:15:12: 
2025-10-04T15:15:12: > judt-node-template@0.1.0 dev:server
2025-10-04T15:15:12: > npm run build && npm run dev
2025-10-04T15:15:12: 
2025-10-04T15:15:12: 
2025-10-04T15:15:12: > judt-node-template@0.1.0 build
2025-10-04T15:15:12: > vite build && BUILD_SSR=true vite build
2025-10-04T15:15:12: 
2025-10-04T15:15:12: vite v7.1.4 building for production...
2025-10-04T15:15:12: transforming...
2025-10-04T15:15:13: ✓ 49 modules transformed.
2025-10-04T15:15:13: rendering chunks...
2025-10-04T15:15:13: computing gzip size...
2025-10-04T15:15:13: dist/client/index.html                   0.46 kB │ gzip:   0.31 kB
2025-10-04T15:15:13: dist/client/assets/index-DhS5VDqF.css   16.37 kB │ gzip:   3.95 kB
2025-10-04T15:15:13: dist/client/assets/index-UjPkGKlN.js   407.20 kB │ gzip: 123.44 kB
2025-10-04T15:15:13: ✓ built in 618ms
2025-10-04T15:15:14: 
2025-10-04T15:15:14: > judt-node-template@0.1.0 dev:server
2025-10-04T15:15:14: > npm run build && npm run dev
2025-10-04T15:15:14: 
2025-10-04T15:15:14: 
2025-10-04T15:15:14: > judt-node-template@0.1.0 build
2025-10-04T15:15:14: > vite build && BUILD_SSR=true vite build
2025-10-04T15:15:14: 
2025-10-04T15:15:14: vite v7.1.4 building for production...
2025-10-04T15:15:14: transforming...
2025-10-04T15:15:15: ✓ 49 modules transformed.
2025-10-04T15:15:15: rendering chunks...
2025-10-04T15:15:15: computing gzip size...
2025-10-04T15:15:15: dist/client/index.html                   0.46 kB │ gzip:   0.31 kB
2025-10-04T15:15:15: dist/client/assets/index-DhS5VDqF.css   16.37 kB │ gzip:   3.95 kB
2025-10-04T15:15:15: dist/client/assets/index-UjPkGKlN.js   407.20 kB │ gzip: 123.44 kB
2025-10-04T15:15:15: ✓ built in 632ms
2025-10-04T15:15:15: vite v7.1.4 building SSR bundle for production...
2025-10-04T15:15:15: 
2025-10-04T15:15:15: > judt-node-template@0.1.0 dev:server
2025-10-04T15:15:15: > npm run build && npm run dev
2025-10-04T15:15:15: 
2025-10-04T15:15:15: 
2025-10-04T15:15:15: > judt-node-template@0.1.0 build
2025-10-04T15:15:15: > vite build && BUILD_SSR=true vite build
2025-10-04T15:15:15: 
2025-10-04T15:15:16: vite v7.1.4 building for production...
2025-10-04T15:15:16: transforming...
2025-10-04T15:15:16: ✓ 49 modules transformed.
2025-10-04T15:15:16: rendering chunks...
2025-10-04T15:15:16: computing gzip size...
2025-10-04T15:15:16: dist/client/index.html                   0.46 kB │ gzip:   0.31 kB
2025-10-04T15:15:16: dist/client/assets/index-DhS5VDqF.css   16.37 kB │ gzip:   3.95 kB
2025-10-04T15:15:16: dist/client/assets/index-UjPkGKlN.js   407.20 kB │ gzip: 123.44 kB
2025-10-04T15:15:16: ✓ built in 621ms
2025-10-04T15:15:17: 
2025-10-04T15:15:17: > judt-node-template@0.1.0 dev:server
2025-10-04T15:15:17: > npm run build && npm run dev
2025-10-04T15:15:17: 
2025-10-04T15:15:17: 
2025-10-04T15:15:17: > judt-node-template@0.1.0 build
2025-10-04T15:15:17: > vite build && BUILD_SSR=true vite build
2025-10-04T15:15:17: 
2025-10-04T15:15:17: vite v7.1.4 building for production...
2025-10-04T15:15:17: transforming...
2025-10-04T15:15:18: ✓ 49 modules transformed.
2025-10-04T15:15:18: rendering chunks...
2025-10-04T15:15:18: computing gzip size...
2025-10-04T15:15:18: dist/client/index.html                   0.46 kB │ gzip:   0.31 kB
2025-10-04T15:15:18: dist/client/assets/index-DhS5VDqF.css   16.37 kB │ gzip:   3.95 kB
2025-10-04T15:15:18: dist/client/assets/index-UjPkGKlN.js   407.20 kB │ gzip: 123.44 kB
2025-10-04T15:15:18: ✓ built in 693ms
2025-10-04T15:15:18: 
2025-10-04T15:15:18: > judt-node-template@0.1.0 dev:server
2025-10-04T15:15:18: > npm run build && npm run dev
2025-10-04T15:15:18: 
2025-10-04T15:15:18: 
2025-10-04T15:15:18: > judt-node-template@0.1.0 build
2025-10-04T15:15:18: > vite build && BUILD_SSR=true vite build
2025-10-04T15:15:18: 
2025-10-04T15:15:19: vite v7.1.4 building for production...
2025-10-04T15:15:19: transforming...
2025-10-04T15:15:19: ✓ 49 modules transformed.
2025-10-04T15:15:19: rendering chunks...
2025-10-04T15:15:19: computing gzip size...
2025-10-04T15:15:19: dist/client/index.html                   0.46 kB │ gzip:   0.31 kB
2025-10-04T15:15:19: dist/client/assets/index-DhS5VDqF.css   16.37 kB │ gzip:   3.95 kB
2025-10-04T15:15:19: dist/client/assets/index-UjPkGKlN.js   407.20 kB │ gzip: 123.44 kB
2025-10-04T15:15:19: ✓ built in 681ms
2025-10-04T15:15:20: vite v7.1.4 building SSR bundle for production...
2025-10-04T15:15:20: 
2025-10-04T15:15:20: > judt-node-template@0.1.0 dev:server
2025-10-04T15:15:20: > npm run build && npm run dev
2025-10-04T15:15:20: 
2025-10-04T15:15:20: 
2025-10-04T15:15:20: > judt-node-template@0.1.0 build
2025-10-04T15:15:20: > vite build && BUILD_SSR=true vite build
2025-10-04T15:15:20: 
2025-10-04T15:15:20: vite v7.1.4 building for production...
2025-10-04T15:15:21: transforming...
2025-10-04T15:15:21: ✓ 49 modules transformed.
2025-10-04T15:15:21: rendering chunks...
2025-10-04T15:15:21: computing gzip size...
2025-10-04T15:15:21: dist/client/index.html                   0.46 kB │ gzip:   0.31 kB
2025-10-04T15:15:21: dist/client/assets/index-DhS5VDqF.css   16.37 kB │ gzip:   3.95 kB
2025-10-04T15:15:21: dist/client/assets/index-UjPkGKlN.js   407.20 kB │ gzip: 123.44 kB
2025-10-04T15:15:21: ✓ built in 655ms
2025-10-04T15:15:22: 
2025-10-04T15:15:22: > judt-node-template@0.1.0 dev:server
2025-10-04T15:15:22: > npm run build && npm run dev
2025-10-04T15:15:22: 
2025-10-04T15:15:22: 
2025-10-04T15:15:22: > judt-node-template@0.1.0 build
2025-10-04T15:15:22: > vite build && BUILD_SSR=true vite build
2025-10-04T15:15:22: 
2025-10-04T15:15:22: vite v7.1.4 building for production...
2025-10-04T15:15:22: transforming...
2025-10-04T15:15:23: ✓ 49 modules transformed.
2025-10-04T15:15:23: rendering chunks...
2025-10-04T15:15:23: computing gzip size...
2025-10-04T15:15:23: dist/client/index.html                   0.46 kB │ gzip:   0.31 kB
2025-10-04T15:15:23: dist/client/assets/index-DhS5VDqF.css   16.37 kB │ gzip:   3.95 kB
2025-10-04T15:15:23: dist/client/assets/index-UjPkGKlN.js   407.20 kB │ gzip: 123.44 kB
2025-10-04T15:15:23: ✓ built in 670ms
2025-10-04T15:15:23: vite v7.1.4 building SSR bundle for production...
2025-10-04T15:15:23: 
2025-10-04T15:15:23: > judt-node-template@0.1.0 dev:server
2025-10-04T15:15:23: > npm run build && npm run dev
2025-10-04T15:15:23: 
2025-10-04T15:15:23: 
2025-10-04T15:15:23: > judt-node-template@0.1.0 build
2025-10-04T15:15:23: > vite build && BUILD_SSR=true vite build
2025-10-04T15:15:23: 
2025-10-04T15:15:24: vite v7.1.4 building for production...
2025-10-04T15:15:24: transforming...
2025-10-04T15:15:24: ✓ 49 modules transformed.
2025-10-04T15:15:24: rendering chunks...
2025-10-04T15:15:24: computing gzip size...
2025-10-04T15:15:24: dist/client/index.html                   0.46 kB │ gzip:   0.31 kB
2025-10-04T15:15:24: dist/client/assets/index-DhS5VDqF.css   16.37 kB │ gzip:   3.95 kB
2025-10-04T15:15:24: dist/client/assets/index-UjPkGKlN.js   407.20 kB │ gzip: 123.44 kB
2025-10-04T15:15:24: ✓ built in 632ms
2025-10-04T15:15:25: 
2025-10-04T15:15:25: > judt-node-template@0.1.0 dev:server
2025-10-04T15:15:25: > npm run build && npm run dev
2025-10-04T15:15:25: 
2025-10-04T15:15:25: 
2025-10-04T15:15:25: > judt-node-template@0.1.0 build
2025-10-04T15:15:25: > vite build && BUILD_SSR=true vite build
2025-10-04T15:15:25: 
2025-10-04T15:15:25: vite v7.1.4 building for production...
2025-10-04T15:15:25: transforming...
2025-10-04T15:15:26: ✓ 49 modules transformed.
2025-10-04T15:15:26: rendering chunks...
2025-10-04T15:15:26: computing gzip size...
2025-10-04T15:15:26: dist/client/index.html                   0.46 kB │ gzip:   0.31 kB
2025-10-04T15:15:26: dist/client/assets/index-DhS5VDqF.css   16.37 kB │ gzip:   3.95 kB
2025-10-04T15:15:26: dist/client/assets/index-UjPkGKlN.js   407.20 kB │ gzip: 123.44 kB
2025-10-04T15:15:26: ✓ built in 624ms
2025-10-04T15:15:26: 
2025-10-04T15:15:26: > judt-node-template@0.1.0 dev:server
2025-10-04T15:15:26: > npm run build && npm run dev
2025-10-04T15:15:26: 
2025-10-04T15:15:26: 
2025-10-04T15:15:26: > judt-node-template@0.1.0 build
2025-10-04T15:15:26: > vite build && BUILD_SSR=true vite build
2025-10-04T15:15:26: 
2025-10-04T15:15:27: vite v7.1.4 building for production...
2025-10-04T15:15:27: transforming...
2025-10-04T15:15:27: ✓ 49 modules transformed.
2025-10-04T15:15:27: rendering chunks...
2025-10-04T15:15:27: computing gzip size...
2025-10-04T15:15:27: dist/client/index.html                   0.46 kB │ gzip:   0.31 kB
2025-10-04T15:15:27: dist/client/assets/index-DhS5VDqF.css   16.37 kB │ gzip:   3.95 kB
2025-10-04T15:15:27: dist/client/assets/index-UjPkGKlN.js   407.20 kB │ gzip: 123.44 kB
2025-10-04T15:15:27: ✓ built in 634ms
2025-10-04T15:15:28: 
2025-10-04T15:15:28: > judt-node-template@0.1.0 dev:server
2025-10-04T15:15:28: > npm run build && npm run dev
2025-10-04T15:15:28: 
2025-10-04T15:15:28: 
2025-10-04T15:15:28: > judt-node-template@0.1.0 build
2025-10-04T15:15:28: > vite build && BUILD_SSR=true vite build
2025-10-04T15:15:28: 
2025-10-04T15:15:28: vite v7.1.4 building for production...
2025-10-04T15:15:28: transforming...
2025-10-04T15:15:29: ✓ 49 modules transformed.
2025-10-04T15:15:29: rendering chunks...
2025-10-04T15:15:29: computing gzip size...
2025-10-04T15:15:29: dist/client/index.html                   0.46 kB │ gzip:   0.31 kB
2025-10-04T15:15:29: dist/client/assets/index-DhS5VDqF.css   16.37 kB │ gzip:   3.95 kB
2025-10-04T15:15:29: dist/client/assets/index-UjPkGKlN.js   407.20 kB │ gzip: 123.44 kB
2025-10-04T15:15:29: ✓ built in 624ms
2025-10-04T15:15:29: 
2025-10-04T15:15:29: > judt-node-template@0.1.0 dev:server
2025-10-04T15:15:29: > npm run build && npm run dev
2025-10-04T15:15:29: 
2025-10-04T15:15:30: 
2025-10-04T15:15:30: > judt-node-template@0.1.0 build
2025-10-04T15:15:30: > vite build && BUILD_SSR=true vite build
2025-10-04T15:15:30: 
2025-10-04T15:15:30: vite v7.1.4 building for production...
2025-10-04T15:15:30: transforming...
2025-10-04T15:15:30: ✓ 49 modules transformed.
2025-10-04T15:15:31: rendering chunks...
2025-10-04T15:15:31: computing gzip size...
2025-10-04T15:15:31: dist/client/index.html                   0.46 kB │ gzip:   0.31 kB
2025-10-04T15:15:31: dist/client/assets/index-DhS5VDqF.css   16.37 kB │ gzip:   3.95 kB
2025-10-04T15:15:31: dist/client/assets/index-UjPkGKlN.js   407.20 kB │ gzip: 123.44 kB
2025-10-04T15:15:31: ✓ built in 614ms
2025-10-04T15:15:31: 
2025-10-04T15:15:31: > judt-node-template@0.1.0 dev:server
2025-10-04T15:15:31: > npm run build && npm run dev
2025-10-04T15:15:31: 
2025-10-04T15:15:31: 
2025-10-04T15:15:31: > judt-node-template@0.1.0 build
2025-10-04T15:15:31: > vite build && BUILD_SSR=true vite build
2025-10-04T15:15:31: 
2025-10-04T15:15:31: vite v7.1.4 building for production...
2025-10-04T15:15:31: transforming...
2025-10-04T15:15:32: ✓ 49 modules transformed.
2025-10-04T15:15:32: rendering chunks...
2025-10-04T15:15:32: computing gzip size...
2025-10-04T15:15:32: dist/client/index.html                   0.46 kB │ gzip:   0.31 kB
2025-10-04T15:15:32: dist/client/assets/index-DhS5VDqF.css   16.37 kB │ gzip:   3.95 kB
2025-10-04T15:15:32: dist/client/assets/index-UjPkGKlN.js   407.20 kB │ gzip: 123.44 kB
2025-10-04T15:15:32: ✓ built in 622ms
2025-10-04T15:15:32: 
2025-10-04T15:15:32: > judt-node-template@0.1.0 dev:server
2025-10-04T15:15:32: > npm run build && npm run dev
2025-10-04T15:15:32: 
2025-10-04T15:15:33: 
2025-10-04T15:15:33: > judt-node-template@0.1.0 build
2025-10-04T15:15:33: > vite build && BUILD_SSR=true vite build
2025-10-04T15:15:33: 
2025-10-04T15:15:33: vite v7.1.4 building for production...
2025-10-04T15:15:33: transforming...
2025-10-04T15:15:33: ✓ 49 modules transformed.
2025-10-04T15:15:34: rendering chunks...
2025-10-04T15:15:34: computing gzip size...
2025-10-04T15:15:34: dist/client/index.html                   0.46 kB │ gzip:   0.31 kB
2025-10-04T15:15:34: dist/client/assets/index-DhS5VDqF.css   16.37 kB │ gzip:   3.95 kB
2025-10-04T15:15:34: dist/client/assets/index-UjPkGKlN.js   407.20 kB │ gzip: 123.44 kB
2025-10-04T15:15:34: ✓ built in 630ms
2025-10-04T15:15:34: 
2025-10-04T15:15:34: > judt-node-template@0.1.0 dev:server
2025-10-04T15:15:34: > npm run build && npm run dev
2025-10-04T15:15:34: 
2025-10-04T15:15:34: 
2025-10-04T15:15:34: > judt-node-template@0.1.0 build
2025-10-04T15:15:34: > vite build && BUILD_SSR=true vite build
2025-10-04T15:15:34: 
2025-10-04T15:15:34: vite v7.1.4 building for production...
2025-10-04T15:15:35: transforming...
2025-10-04T15:15:35: ✓ 49 modules transformed.
2025-10-04T15:15:35: rendering chunks...
2025-10-04T15:15:35: computing gzip size...
2025-10-04T15:15:35: dist/client/index.html                   0.46 kB │ gzip:   0.31 kB
2025-10-04T15:15:35: dist/client/assets/index-DhS5VDqF.css   16.37 kB │ gzip:   3.95 kB
2025-10-04T15:15:35: dist/client/assets/index-UjPkGKlN.js   407.20 kB │ gzip: 123.44 kB
2025-10-04T15:15:35: ✓ built in 620ms
2025-10-04T15:15:36: 
2025-10-04T15:15:36: > judt-node-template@0.1.0 dev:server
2025-10-04T15:15:36: > npm run build && npm run dev
2025-10-04T15:15:36: 
2025-10-04T15:15:36: 
2025-10-04T15:15:36: > judt-node-template@0.1.0 build
2025-10-04T15:15:36: > vite build && BUILD_SSR=true vite build
2025-10-04T15:15:36: 
2025-10-04T15:15:36: vite v7.1.4 building for production...
2025-10-04T15:15:36: transforming...
2025-10-04T15:15:37: ✓ 49 modules transformed.
2025-10-04T15:15:37: rendering chunks...
2025-10-04T15:15:37: computing gzip size...
2025-10-04T15:15:37: dist/client/index.html                   0.46 kB │ gzip:   0.31 kB
2025-10-04T15:15:37: dist/client/assets/index-DhS5VDqF.css   16.37 kB │ gzip:   3.95 kB
2025-10-04T15:15:37: dist/client/assets/index-UjPkGKlN.js   407.20 kB │ gzip: 123.44 kB
2025-10-04T15:15:37: ✓ built in 625ms
2025-10-04T15:15:37: vite v7.1.4 building SSR bundle for production...
2025-10-04T15:15:37: 
2025-10-04T15:15:37: > judt-node-template@0.1.0 dev:server
2025-10-04T15:15:37: > npm run build && npm run dev
2025-10-04T15:15:37: 
2025-10-04T15:15:37: 
2025-10-04T15:15:37: > judt-node-template@0.1.0 build
2025-10-04T15:15:37: > vite build && BUILD_SSR=true vite build
2025-10-04T15:15:37: 
2025-10-04T15:15:38: vite v7.1.4 building for production...
2025-10-04T15:15:38: transforming...
2025-10-04T15:15:38: ✓ 49 modules transformed.
2025-10-04T15:15:38: rendering chunks...
2025-10-04T15:15:38: computing gzip size...
2025-10-04T15:15:38: dist/client/index.html                   0.46 kB │ gzip:   0.31 kB
2025-10-04T15:15:38: dist/client/assets/index-DhS5VDqF.css   16.37 kB │ gzip:   3.95 kB
2025-10-04T15:15:38: dist/client/assets/index-UjPkGKlN.js   407.20 kB │ gzip: 123.44 kB
2025-10-04T15:15:38: ✓ built in 620ms
2025-10-04T15:15:39: 
2025-10-04T15:15:39: > judt-node-template@0.1.0 dev:server
2025-10-04T15:15:39: > npm run build && npm run dev
2025-10-04T15:15:39: 
2025-10-04T15:15:39: 
2025-10-04T15:15:39: > judt-node-template@0.1.0 build
2025-10-04T15:15:39: > vite build && BUILD_SSR=true vite build
2025-10-04T15:15:39: 
2025-10-04T15:15:39: vite v7.1.4 building for production...
2025-10-04T15:15:39: transforming...
2025-10-04T15:15:40: ✓ 49 modules transformed.
2025-10-04T15:15:40: rendering chunks...
2025-10-04T15:15:40: computing gzip size...
2025-10-04T15:15:40: dist/client/index.html                   0.46 kB │ gzip:   0.31 kB
2025-10-04T15:15:40: dist/client/assets/index-DhS5VDqF.css   16.37 kB │ gzip:   3.95 kB
2025-10-04T15:15:40: dist/client/assets/index-UjPkGKlN.js   407.20 kB │ gzip: 123.44 kB
2025-10-04T15:15:40: ✓ built in 651ms
2025-10-04T15:15:40: 
2025-10-04T15:15:40: > judt-node-template@0.1.0 dev:server
2025-10-04T15:15:40: > npm run build && npm run dev
2025-10-04T15:15:40: 
2025-10-04T15:15:40: 
2025-10-04T15:15:40: > judt-node-template@0.1.0 build
2025-10-04T15:15:40: > vite build && BUILD_SSR=true vite build
2025-10-04T15:15:40: 
2025-10-04T15:15:41: vite v7.1.4 building for production...
2025-10-04T15:15:41: transforming...
2025-10-04T15:15:41: ✓ 49 modules transformed.
2025-10-04T15:15:41: rendering chunks...
2025-10-04T15:15:41: computing gzip size...
2025-10-04T15:15:41: dist/client/index.html                   0.46 kB │ gzip:   0.31 kB
2025-10-04T15:15:41: dist/client/assets/index-DhS5VDqF.css   16.37 kB │ gzip:   3.95 kB
2025-10-04T15:15:41: dist/client/assets/index-UjPkGKlN.js   407.20 kB │ gzip: 123.44 kB
2025-10-04T15:15:41: ✓ built in 680ms
2025-10-04T15:15:42: 
2025-10-04T15:15:42: > judt-node-template@0.1.0 dev:server
2025-10-04T15:15:42: > npm run build && npm run dev
2025-10-04T15:15:42: 
2025-10-04T15:15:42: 
2025-10-04T15:15:42: > judt-node-template@0.1.0 build
2025-10-04T15:15:42: > vite build && BUILD_SSR=true vite build
2025-10-04T15:15:42: 
2025-10-04T15:15:42: vite v7.1.4 building for production...
2025-10-04T15:15:42: transforming...
2025-10-04T15:15:43: ✓ 49 modules transformed.
2025-10-04T15:15:43: rendering chunks...
2025-10-04T15:15:43: computing gzip size...
2025-10-04T15:15:43: dist/client/index.html                   0.46 kB │ gzip:   0.31 kB
2025-10-04T15:15:43: dist/client/assets/index-DhS5VDqF.css   16.37 kB │ gzip:   3.95 kB
2025-10-04T15:15:43: dist/client/assets/index-UjPkGKlN.js   407.20 kB │ gzip: 123.44 kB
2025-10-04T15:15:43: ✓ built in 695ms
2025-10-04T15:15:43: vite v7.1.4 building SSR bundle for production...
2025-10-04T15:15:44: 
2025-10-04T15:15:44: > judt-node-template@0.1.0 dev:server
2025-10-04T15:15:44: > npm run build && npm run dev
2025-10-04T15:15:44: 
2025-10-04T15:15:44: 
2025-10-04T15:15:44: > judt-node-template@0.1.0 build
2025-10-04T15:15:44: > vite build && BUILD_SSR=true vite build
2025-10-04T15:15:44: 
2025-10-04T15:15:44: vite v7.1.4 building for production...
2025-10-04T15:15:44: transforming...
2025-10-04T15:15:45: ✓ 49 modules transformed.
2025-10-04T15:15:45: rendering chunks...
2025-10-04T15:15:45: computing gzip size...
2025-10-04T15:15:45: dist/client/index.html                   0.46 kB │ gzip:   0.31 kB
2025-10-04T15:15:45: dist/client/assets/index-DhS5VDqF.css   16.37 kB │ gzip:   3.95 kB
2025-10-04T15:15:45: dist/client/assets/index-UjPkGKlN.js   407.20 kB │ gzip: 123.44 kB
2025-10-04T15:15:45: ✓ built in 655ms
2025-10-04T15:15:45: 
2025-10-04T15:15:45: > judt-node-template@0.1.0 dev:server
2025-10-04T15:15:45: > npm run build && npm run dev
2025-10-04T15:15:45: 
2025-10-04T15:15:45: 
2025-10-04T15:15:45: > judt-node-template@0.1.0 build
2025-10-04T15:15:45: > vite build && BUILD_SSR=true vite build
2025-10-04T15:15:45: 
2025-10-04T15:15:46: vite v7.1.4 building for production...
2025-10-04T15:15:46: transforming...
2025-10-04T15:15:46: ✓ 49 modules transformed.
2025-10-04T15:15:46: rendering chunks...
2025-10-04T15:15:46: computing gzip size...
2025-10-04T15:15:46: dist/client/index.html                   0.46 kB │ gzip:   0.31 kB
2025-10-04T15:15:46: dist/client/assets/index-DhS5VDqF.css   16.37 kB │ gzip:   3.95 kB
2025-10-04T15:15:46: dist/client/assets/index-UjPkGKlN.js   407.20 kB │ gzip: 123.44 kB
2025-10-04T15:15:46: ✓ built in 642ms
2025-10-04T15:15:47: 
2025-10-04T15:15:47: > judt-node-template@0.1.0 dev:server
2025-10-04T15:15:47: > npm run build && npm run dev
2025-10-04T15:15:47: 
2025-10-04T15:15:47: 
2025-10-04T15:15:47: > judt-node-template@0.1.0 build
2025-10-04T15:15:47: > vite build && BUILD_SSR=true vite build
2025-10-04T15:15:47: 
2025-10-04T15:15:47: vite v7.1.4 building for production...
2025-10-04T15:15:47: transforming...
2025-10-04T15:15:48: ✓ 49 modules transformed.
2025-10-04T15:15:48: rendering chunks...
2025-10-04T15:15:48: computing gzip size...
2025-10-04T15:15:48: dist/client/index.html                   0.46 kB │ gzip:   0.31 kB
2025-10-04T15:15:48: dist/client/assets/index-DhS5VDqF.css   16.37 kB │ gzip:   3.95 kB
2025-10-04T15:15:48: dist/client/assets/index-UjPkGKlN.js   407.20 kB │ gzip: 123.44 kB
2025-10-04T15:15:48: ✓ built in 648ms
2025-10-04T15:15:48: 
2025-10-04T15:15:48: > judt-node-template@0.1.0 dev:server
2025-10-04T15:15:48: > npm run build && npm run dev
2025-10-04T15:15:48: 
2025-10-04T15:15:49: 
2025-10-04T15:15:49: > judt-node-template@0.1.0 build
2025-10-04T15:15:49: > vite build && BUILD_SSR=true vite build
2025-10-04T15:15:49: 
2025-10-04T15:15:49: vite v7.1.4 building for production...
2025-10-04T15:15:49: transforming...
2025-10-04T15:15:49: ✓ 49 modules transformed.
2025-10-04T15:15:49: rendering chunks...
2025-10-04T15:15:49: computing gzip size...
2025-10-04T15:15:49: dist/client/index.html                   0.46 kB │ gzip:   0.31 kB
2025-10-04T15:15:49: dist/client/assets/index-DhS5VDqF.css   16.37 kB │ gzip:   3.95 kB
2025-10-04T15:15:49: dist/client/assets/index-UjPkGKlN.js   407.20 kB │ gzip: 123.44 kB
2025-10-04T15:15:49: ✓ built in 668ms
2025-10-04T15:15:50: 
2025-10-04T15:15:50: > judt-node-template@0.1.0 dev:server
2025-10-04T15:15:50: > npm run build && npm run dev
2025-10-04T15:15:50: 
2025-10-04T15:15:50: 
2025-10-04T15:15:50: > judt-node-template@0.1.0 build
2025-10-04T15:15:50: > vite build && BUILD_SSR=true vite build
2025-10-04T15:15:50: 
2025-10-04T15:15:50: vite v7.1.4 building for production...
2025-10-04T15:15:51: transforming...
2025-10-04T15:15:51: ✓ 49 modules transformed.
2025-10-04T15:15:51: rendering chunks...
2025-10-04T15:15:51: computing gzip size...
2025-10-04T15:15:51: dist/client/index.html                   0.46 kB │ gzip:   0.31 kB
2025-10-04T15:15:51: dist/client/assets/index-DhS5VDqF.css   16.37 kB │ gzip:   3.95 kB
2025-10-04T15:15:51: dist/client/assets/index-UjPkGKlN.js   407.20 kB │ gzip: 123.44 kB
2025-10-04T15:15:51: ✓ built in 658ms
2025-10-04T15:15:52: 
2025-10-04T15:15:52: > judt-node-template@0.1.0 dev:server
2025-10-04T15:15:52: > npm run build && npm run dev
2025-10-04T15:15:52: 
2025-10-04T15:15:52: 
2025-10-04T15:15:52: > judt-node-template@0.1.0 build
2025-10-04T15:15:52: > vite build && BUILD_SSR=true vite build
2025-10-04T15:15:52: 
2025-10-04T15:15:52: vite v7.1.4 building for production...
2025-10-04T15:15:52: transforming...
2025-10-04T15:15:53: ✓ 49 modules transformed.
2025-10-04T15:15:53: rendering chunks...
2025-10-04T15:15:53: computing gzip size...
2025-10-04T15:15:53: dist/client/index.html                   0.46 kB │ gzip:   0.31 kB
2025-10-04T15:15:53: dist/client/assets/index-DhS5VDqF.css   16.37 kB │ gzip:   3.95 kB
2025-10-04T15:15:53: dist/client/assets/index-UjPkGKlN.js   407.20 kB │ gzip: 123.44 kB
2025-10-04T15:15:53: ✓ built in 662ms
2025-10-04T15:15:53: 
2025-10-04T15:15:53: > judt-node-template@0.1.0 dev:server
2025-10-04T15:15:53: > npm run build && npm run dev
2025-10-04T15:15:53: 
2025-10-04T15:15:53: 
2025-10-04T15:15:53: > judt-node-template@0.1.0 build
2025-10-04T15:15:53: > vite build && BUILD_SSR=true vite build
2025-10-04T15:15:53: 
2025-10-04T15:15:54: vite v7.1.4 building for production...
2025-10-04T15:15:54: transforming...
2025-10-04T15:15:54: ✓ 49 modules transformed.
2025-10-04T15:15:54: rendering chunks...
2025-10-04T15:15:54: computing gzip size...
2025-10-04T15:15:54: dist/client/index.html                   0.46 kB │ gzip:   0.31 kB
2025-10-04T15:15:54: dist/client/assets/index-DhS5VDqF.css   16.37 kB │ gzip:   3.95 kB
2025-10-04T15:15:54: dist/client/assets/index-UjPkGKlN.js   407.20 kB │ gzip: 123.44 kB
2025-10-04T15:15:54: ✓ built in 670ms
2025-10-04T15:15:55: 
2025-10-04T15:15:55: > judt-node-template@0.1.0 dev:server
2025-10-04T15:15:55: > npm run build && npm run dev
2025-10-04T15:15:55: 
2025-10-04T15:15:55: 
2025-10-04T15:15:55: > judt-node-template@0.1.0 build
2025-10-04T15:15:55: > vite build && BUILD_SSR=true vite build
2025-10-04T15:15:55: 
2025-10-04T15:15:55: vite v7.1.4 building for production...
2025-10-04T15:15:55: transforming...
2025-10-04T15:15:56: ✓ 49 modules transformed.
2025-10-04T15:15:56: rendering chunks...
2025-10-04T15:15:56: computing gzip size...
2025-10-04T15:15:56: dist/client/index.html                   0.46 kB │ gzip:   0.31 kB
2025-10-04T15:15:56: dist/client/assets/index-DhS5VDqF.css   16.37 kB │ gzip:   3.95 kB
2025-10-04T15:15:56: dist/client/assets/index-UjPkGKlN.js   407.20 kB │ gzip: 123.44 kB
2025-10-04T15:15:56: ✓ built in 700ms
2025-10-04T15:15:57: 
2025-10-04T15:15:57: > judt-node-template@0.1.0 dev:server
2025-10-04T15:15:57: > npm run build && npm run dev
2025-10-04T15:15:57: 
2025-10-04T15:15:57: 
2025-10-04T15:15:57: > judt-node-template@0.1.0 build
2025-10-04T15:15:57: > vite build && BUILD_SSR=true vite build
2025-10-04T15:15:57: 
2025-10-04T15:15:57: vite v7.1.4 building for production...
2025-10-04T15:15:57: transforming...
2025-10-04T15:15:58: ✓ 49 modules transformed.
2025-10-04T15:15:58: rendering chunks...
2025-10-04T15:15:58: computing gzip size...
2025-10-04T15:15:58: dist/client/index.html                   0.46 kB │ gzip:   0.31 kB
2025-10-04T15:15:58: dist/client/assets/index-DhS5VDqF.css   16.37 kB │ gzip:   3.95 kB
2025-10-04T15:15:58: dist/client/assets/index-UjPkGKlN.js   407.20 kB │ gzip: 123.44 kB
2025-10-04T15:15:58: ✓ built in 681ms
2025-10-04T15:15:58: 
2025-10-04T15:15:58: > judt-node-template@0.1.0 dev:server
2025-10-04T15:15:58: > npm run build && npm run dev
2025-10-04T15:15:58: 
2025-10-04T15:15:58: 
2025-10-04T15:15:58: > judt-node-template@0.1.0 build
2025-10-04T15:15:58: > vite build && BUILD_SSR=true vite build
2025-10-04T15:15:58: 
2025-10-04T15:15:59: vite v7.1.4 building for production...
2025-10-04T15:15:59: transforming...
2025-10-04T15:15:59: ✓ 49 modules transformed.
2025-10-04T15:15:59: rendering chunks...
2025-10-04T15:15:59: computing gzip size...
2025-10-04T15:15:59: dist/client/index.html                   0.46 kB │ gzip:   0.31 kB
2025-10-04T15:15:59: dist/client/assets/index-DhS5VDqF.css   16.37 kB │ gzip:   3.95 kB
2025-10-04T15:15:59: dist/client/assets/index-UjPkGKlN.js   407.20 kB │ gzip: 123.44 kB
2025-10-04T15:15:59: ✓ built in 743ms
2025-10-04T15:16:00: vite v7.1.4 building SSR bundle for production...
2025-10-04T15:16:00: 
2025-10-04T15:16:00: > judt-node-template@0.1.0 dev:server
2025-10-04T15:16:00: > npm run build && npm run dev
2025-10-04T15:16:00: 
2025-10-04T15:16:00: 
2025-10-04T15:16:00: > judt-node-template@0.1.0 build
2025-10-04T15:16:00: > vite build && BUILD_SSR=true vite build
2025-10-04T15:16:00: 
2025-10-04T15:16:00: vite v7.1.4 building for production...
2025-10-04T15:16:00: transforming...
2025-10-04T15:16:01: ✓ 49 modules transformed.
2025-10-04T15:16:01: rendering chunks...
2025-10-04T15:16:01: computing gzip size...
2025-10-04T15:16:01: dist/client/index.html                   0.46 kB │ gzip:   0.31 kB
2025-10-04T15:16:01: dist/client/assets/index-DhS5VDqF.css   16.37 kB │ gzip:   3.95 kB
2025-10-04T15:16:01: dist/client/assets/index-UjPkGKlN.js   407.20 kB │ gzip: 123.44 kB
2025-10-04T15:16:01: ✓ built in 640ms
2025-10-04T15:16:01: vite v7.1.4 building SSR bundle for production...
2025-10-04T15:16:02: 
2025-10-04T15:16:02: > judt-node-template@0.1.0 dev:server
2025-10-04T15:16:02: > npm run build && npm run dev
2025-10-04T15:16:02: 
2025-10-04T15:16:02: 
2025-10-04T15:16:02: > judt-node-template@0.1.0 build
2025-10-04T15:16:02: > vite build && BUILD_SSR=true vite build
2025-10-04T15:16:02: 
2025-10-04T15:16:02: vite v7.1.4 building for production...
2025-10-04T15:16:02: transforming...
2025-10-04T15:16:03: ✓ 49 modules transformed.
2025-10-04T15:16:03: rendering chunks...
2025-10-04T15:16:03: computing gzip size...
2025-10-04T15:16:03: dist/client/index.html                   0.46 kB │ gzip:   0.31 kB
2025-10-04T15:16:03: dist/client/assets/index-DhS5VDqF.css   16.37 kB │ gzip:   3.95 kB
2025-10-04T15:16:03: dist/client/assets/index-UjPkGKlN.js   407.20 kB │ gzip: 123.44 kB
2025-10-04T15:16:03: ✓ built in 646ms
2025-10-04T15:16:03: 
2025-10-04T15:16:03: > judt-node-template@0.1.0 dev:server
2025-10-04T15:16:03: > npm run build && npm run dev
2025-10-04T15:16:03: 
2025-10-04T15:16:03: 
2025-10-04T15:16:03: > judt-node-template@0.1.0 build
2025-10-04T15:16:03: > vite build && BUILD_SSR=true vite build
2025-10-04T15:16:03: 
2025-10-04T15:16:04: vite v7.1.4 building for production...
2025-10-04T15:16:04: transforming...
2025-10-04T15:16:04: ✓ 49 modules transformed.
2025-10-04T15:16:04: rendering chunks...
2025-10-04T15:16:04: computing gzip size...
2025-10-04T15:16:04: dist/client/index.html                   0.46 kB │ gzip:   0.31 kB
2025-10-04T15:16:04: dist/client/assets/index-DhS5VDqF.css   16.37 kB │ gzip:   3.95 kB
2025-10-04T15:16:04: dist/client/assets/index-UjPkGKlN.js   407.20 kB │ gzip: 123.44 kB
2025-10-04T15:16:04: ✓ built in 642ms
2025-10-04T15:16:05: vite v7.1.4 building SSR bundle for production...
2025-10-04T15:16:05: 
2025-10-04T15:16:05: > judt-node-template@0.1.0 dev:server
2025-10-04T15:16:05: > npm run build && npm run dev
2025-10-04T15:16:05: 
2025-10-04T15:16:05: 
2025-10-04T15:16:05: > judt-node-template@0.1.0 build
2025-10-04T15:16:05: > vite build && BUILD_SSR=true vite build
2025-10-04T15:16:05: 
2025-10-04T15:16:05: vite v7.1.4 building for production...
2025-10-04T15:16:05: transforming...
2025-10-04T15:16:06: ✓ 49 modules transformed.
2025-10-04T15:16:06: rendering chunks...
2025-10-04T15:16:06: computing gzip size...
2025-10-04T15:16:06: dist/client/index.html                   0.46 kB │ gzip:   0.31 kB
2025-10-04T15:16:06: dist/client/assets/index-DhS5VDqF.css   16.37 kB │ gzip:   3.95 kB
2025-10-04T15:16:06: dist/client/assets/index-UjPkGKlN.js   407.20 kB │ gzip: 123.44 kB
2025-10-04T15:16:06: ✓ built in 634ms
2025-10-04T15:16:06: 
2025-10-04T15:16:06: > judt-node-template@0.1.0 dev:server
2025-10-04T15:16:06: > npm run build && npm run dev
2025-10-04T15:16:06: 
2025-10-04T15:16:07: 
2025-10-04T15:16:07: > judt-node-template@0.1.0 build
2025-10-04T15:16:07: > vite build && BUILD_SSR=true vite build
2025-10-04T15:16:07: 
2025-10-04T15:16:07: vite v7.1.4 building for production...
2025-10-04T15:16:07: transforming...
2025-10-04T15:16:08: ✓ 49 modules transformed.
2025-10-04T15:16:08: rendering chunks...
2025-10-04T15:16:08: computing gzip size...
2025-10-04T15:16:08: dist/client/index.html                   0.46 kB │ gzip:   0.31 kB
2025-10-04T15:16:08: dist/client/assets/index-DhS5VDqF.css   16.37 kB │ gzip:   3.95 kB
2025-10-04T15:16:08: dist/client/assets/index-UjPkGKlN.js   407.20 kB │ gzip: 123.44 kB
2025-10-04T15:16:08: ✓ built in 662ms
2025-10-04T15:16:08: 
2025-10-04T15:16:08: > judt-node-template@0.1.0 dev:server
2025-10-04T15:16:08: > npm run build && npm run dev
2025-10-04T15:16:08: 
2025-10-04T15:16:08: 
2025-10-04T15:16:08: > judt-node-template@0.1.0 build
2025-10-04T15:16:08: > vite build && BUILD_SSR=true vite build
2025-10-04T15:16:08: 
2025-10-04T15:16:09: vite v7.1.4 building for production...
2025-10-04T15:16:09: transforming...
2025-10-04T15:16:09: ✓ 49 modules transformed.
2025-10-04T15:16:09: rendering chunks...
2025-10-04T15:16:09: computing gzip size...
2025-10-04T15:16:09: dist/client/index.html                   0.46 kB │ gzip:   0.31 kB
2025-10-04T15:16:09: dist/client/assets/index-DhS5VDqF.css   16.37 kB │ gzip:   3.95 kB
2025-10-04T15:16:09: dist/client/assets/index-UjPkGKlN.js   407.20 kB │ gzip: 123.44 kB
2025-10-04T15:16:09: ✓ built in 658ms
2025-10-04T15:16:10: 
2025-10-04T15:16:10: > judt-node-template@0.1.0 dev:server
2025-10-04T15:16:10: > npm run build && npm run dev
2025-10-04T15:16:10: 
2025-10-04T15:16:10: 
2025-10-04T15:16:10: > judt-node-template@0.1.0 build
2025-10-04T15:16:10: > vite build && BUILD_SSR=true vite build
2025-10-04T15:16:10: 
2025-10-04T15:16:10: vite v7.1.4 building for production...
2025-10-04T15:16:10: transforming...
2025-10-04T15:16:11: ✓ 49 modules transformed.
2025-10-04T15:16:11: rendering chunks...
2025-10-04T15:16:11: computing gzip size...
2025-10-04T15:16:11: dist/client/index.html                   0.46 kB │ gzip:   0.31 kB
2025-10-04T15:16:11: dist/client/assets/index-DhS5VDqF.css   16.37 kB │ gzip:   3.95 kB
2025-10-04T15:16:11: dist/client/assets/index-UjPkGKlN.js   407.20 kB │ gzip: 123.44 kB
2025-10-04T15:16:11: ✓ built in 671ms
2025-10-04T15:16:11: 
2025-10-04T15:16:11: > judt-node-template@0.1.0 dev:server
2025-10-04T15:16:11: > npm run build && npm run dev
2025-10-04T15:16:11: 
2025-10-04T15:16:12: 
2025-10-04T15:16:12: > judt-node-template@0.1.0 build
2025-10-04T15:16:12: > vite build && BUILD_SSR=true vite build
2025-10-04T15:16:12: 
2025-10-04T15:16:12: vite v7.1.4 building for production...
2025-10-04T15:16:12: transforming...
2025-10-04T15:16:12: ✓ 49 modules transformed.
2025-10-04T15:16:13: rendering chunks...
2025-10-04T15:16:13: computing gzip size...
2025-10-04T15:16:13: dist/client/index.html                   0.46 kB │ gzip:   0.31 kB
2025-10-04T15:16:13: dist/client/assets/index-DhS5VDqF.css   16.37 kB │ gzip:   3.95 kB
2025-10-04T15:16:13: dist/client/assets/index-UjPkGKlN.js   407.20 kB │ gzip: 123.44 kB
2025-10-04T15:16:13: ✓ built in 677ms
2025-10-04T15:16:13: 
2025-10-04T15:16:13: > judt-node-template@0.1.0 dev:server
2025-10-04T15:16:13: > npm run build && npm run dev
2025-10-04T15:16:13: 
2025-10-04T15:16:13: 
2025-10-04T15:16:13: > judt-node-template@0.1.0 build
2025-10-04T15:16:13: > vite build && BUILD_SSR=true vite build
2025-10-04T15:16:13: 
2025-10-04T15:16:14: vite v7.1.4 building for production...
2025-10-04T15:16:14: transforming...
2025-10-04T15:16:14: ✓ 49 modules transformed.
2025-10-04T15:16:14: rendering chunks...
2025-10-04T15:16:14: computing gzip size...
2025-10-04T15:16:14: dist/client/index.html                   0.46 kB │ gzip:   0.31 kB
2025-10-04T15:16:14: dist/client/assets/index-DhS5VDqF.css   16.37 kB │ gzip:   3.95 kB
2025-10-04T15:16:14: dist/client/assets/index-UjPkGKlN.js   407.20 kB │ gzip: 123.44 kB
2025-10-04T15:16:14: ✓ built in 639ms
2025-10-04T15:16:15: 
2025-10-04T15:16:15: > judt-node-template@0.1.0 dev:server
2025-10-04T15:16:15: > npm run build && npm run dev
2025-10-04T15:16:15: 
2025-10-04T15:16:15: 
2025-10-04T15:16:15: > judt-node-template@0.1.0 build
2025-10-04T15:16:15: > vite build && BUILD_SSR=true vite build
2025-10-04T15:16:15: 
2025-10-04T15:16:15: vite v7.1.4 building for production...
2025-10-04T15:16:15: transforming...
2025-10-04T15:16:16: ✓ 49 modules transformed.
2025-10-04T15:16:16: rendering chunks...
2025-10-04T15:16:16: computing gzip size...
2025-10-04T15:16:16: dist/client/index.html                   0.46 kB │ gzip:   0.31 kB
2025-10-04T15:16:16: dist/client/assets/index-DhS5VDqF.css   16.37 kB │ gzip:   3.95 kB
2025-10-04T15:16:16: dist/client/assets/index-UjPkGKlN.js   407.20 kB │ gzip: 123.44 kB
2025-10-04T15:16:16: ✓ built in 633ms
2025-10-04T15:16:16: 
2025-10-04T15:16:16: > judt-node-template@0.1.0 dev:server
2025-10-04T15:16:16: > npm run build && npm run dev
2025-10-04T15:16:16: 
2025-10-04T15:16:16: 
2025-10-04T15:16:16: > judt-node-template@0.1.0 build
2025-10-04T15:16:16: > vite build && BUILD_SSR=true vite build
2025-10-04T15:16:16: 
2025-10-04T15:16:17: vite v7.1.4 building for production...
2025-10-04T15:16:17: transforming...
2025-10-04T15:16:17: ✓ 49 modules transformed.
2025-10-04T15:16:17: rendering chunks...
2025-10-04T15:16:17: computing gzip size...
2025-10-04T15:16:17: dist/client/index.html                   0.46 kB │ gzip:   0.31 kB
2025-10-04T15:16:17: dist/client/assets/index-DhS5VDqF.css   16.37 kB │ gzip:   3.95 kB
2025-10-04T15:16:17: dist/client/assets/index-UjPkGKlN.js   407.20 kB │ gzip: 123.44 kB
2025-10-04T15:16:17: ✓ built in 647ms
2025-10-04T15:16:18: vite v7.1.4 building SSR bundle for production...
2025-10-04T15:16:18: 
2025-10-04T15:16:18: > judt-node-template@0.1.0 dev:server
2025-10-04T15:16:18: > npm run build && npm run dev
2025-10-04T15:16:18: 
2025-10-04T15:16:18: 
2025-10-04T15:16:18: > judt-node-template@0.1.0 build
2025-10-04T15:16:18: > vite build && BUILD_SSR=true vite build
2025-10-04T15:16:18: 
2025-10-04T15:16:18: vite v7.1.4 building for production...
2025-10-04T15:16:18: transforming...
2025-10-04T15:16:19: ✓ 49 modules transformed.
2025-10-04T15:16:19: rendering chunks...
2025-10-04T15:16:19: computing gzip size...
2025-10-04T15:16:19: dist/client/index.html                   0.46 kB │ gzip:   0.31 kB
2025-10-04T15:16:19: dist/client/assets/index-DhS5VDqF.css   16.37 kB │ gzip:   3.95 kB
2025-10-04T15:16:19: dist/client/assets/index-UjPkGKlN.js   407.20 kB │ gzip: 123.44 kB
2025-10-04T15:16:19: ✓ built in 643ms
2025-10-04T15:16:20: 
2025-10-04T15:16:20: > judt-node-template@0.1.0 dev:server
2025-10-04T15:16:20: > npm run build && npm run dev
2025-10-04T15:16:20: 
2025-10-04T15:16:20: 
2025-10-04T15:16:20: > judt-node-template@0.1.0 build
2025-10-04T15:16:20: > vite build && BUILD_SSR=true vite build
2025-10-04T15:16:20: 
2025-10-04T15:16:20: vite v7.1.4 building for production...
2025-10-04T15:16:20: transforming...
2025-10-04T15:16:21: ✓ 49 modules transformed.
2025-10-04T15:16:21: rendering chunks...
2025-10-04T15:16:21: computing gzip size...
2025-10-04T15:16:21: dist/client/index.html                   0.46 kB │ gzip:   0.31 kB
2025-10-04T15:16:21: dist/client/assets/index-DhS5VDqF.css   16.37 kB │ gzip:   3.95 kB
2025-10-04T15:16:21: dist/client/assets/index-UjPkGKlN.js   407.20 kB │ gzip: 123.44 kB
2025-10-04T15:16:21: ✓ built in 696ms
2025-10-04T15:16:21: 
2025-10-04T15:16:21: > judt-node-template@0.1.0 dev:server
2025-10-04T15:16:21: > npm run build && npm run dev
2025-10-04T15:16:21: 
2025-10-04T15:16:21: 
2025-10-04T15:16:21: > judt-node-template@0.1.0 build
2025-10-04T15:16:21: > vite build && BUILD_SSR=true vite build
2025-10-04T15:16:21: 
2025-10-04T15:16:22: vite v7.1.4 building for production...
2025-10-04T15:16:22: transforming...
2025-10-04T15:16:22: ✓ 49 modules transformed.
2025-10-04T15:16:22: rendering chunks...
2025-10-04T15:16:22: computing gzip size...
2025-10-04T15:16:22: dist/client/index.html                   0.46 kB │ gzip:   0.31 kB
2025-10-04T15:16:22: dist/client/assets/index-DhS5VDqF.css   16.37 kB │ gzip:   3.95 kB
2025-10-04T15:16:22: dist/client/assets/index-UjPkGKlN.js   407.20 kB │ gzip: 123.44 kB
2025-10-04T15:16:22: ✓ built in 657ms
2025-10-04T15:16:23: vite v7.1.4 building SSR bundle for production...
2025-10-04T15:16:23: 
2025-10-04T15:16:23: > judt-node-template@0.1.0 dev:server
2025-10-04T15:16:23: > npm run build && npm run dev
2025-10-04T15:16:23: 
2025-10-04T15:16:23: 
2025-10-04T15:16:23: > judt-node-template@0.1.0 build
2025-10-04T15:16:23: > vite build && BUILD_SSR=true vite build
2025-10-04T15:16:23: 
2025-10-04T15:16:23: vite v7.1.4 building for production...
2025-10-04T15:16:23: transforming...
2025-10-04T15:16:24: ✓ 49 modules transformed.
2025-10-04T15:16:24: rendering chunks...
2025-10-04T15:16:24: computing gzip size...
2025-10-04T15:16:24: dist/client/index.html                   0.46 kB │ gzip:   0.31 kB
2025-10-04T15:16:24: dist/client/assets/index-DhS5VDqF.css   16.37 kB │ gzip:   3.95 kB
2025-10-04T15:16:24: dist/client/assets/index-UjPkGKlN.js   407.20 kB │ gzip: 123.44 kB
2025-10-04T15:16:24: ✓ built in 642ms
2025-10-04T15:16:24: 
2025-10-04T15:16:24: > judt-node-template@0.1.0 dev:server
2025-10-04T15:16:24: > npm run build && npm run dev
2025-10-04T15:16:24: 
2025-10-04T15:16:25: 
2025-10-04T15:16:25: > judt-node-template@0.1.0 build
2025-10-04T15:16:25: > vite build && BUILD_SSR=true vite build
2025-10-04T15:16:25: 
2025-10-04T15:16:25: vite v7.1.4 building for production...
2025-10-04T15:16:25: transforming...
2025-10-04T15:16:25: ✓ 49 modules transformed.
2025-10-04T15:16:25: rendering chunks...
2025-10-04T15:16:25: computing gzip size...
2025-10-04T15:16:25: dist/client/index.html                   0.46 kB │ gzip:   0.31 kB
2025-10-04T15:16:25: dist/client/assets/index-DhS5VDqF.css   16.37 kB │ gzip:   3.95 kB
2025-10-04T15:16:25: dist/client/assets/index-UjPkGKlN.js   407.20 kB │ gzip: 123.44 kB
2025-10-04T15:16:25: ✓ built in 661ms
2025-10-04T15:16:26: vite v7.1.4 building SSR bundle for production...
2025-10-04T15:16:26: 
2025-10-04T15:16:26: > judt-node-template@0.1.0 dev:server
2025-10-04T15:16:26: > npm run build && npm run dev
2025-10-04T15:16:26: 
2025-10-04T15:16:26: 
2025-10-04T15:16:26: > judt-node-template@0.1.0 build
2025-10-04T15:16:26: > vite build && BUILD_SSR=true vite build
2025-10-04T15:16:26: 
2025-10-04T15:16:26: vite v7.1.4 building for production...
2025-10-04T15:16:27: transforming...
2025-10-04T15:16:27: ✓ 49 modules transformed.
2025-10-04T15:16:27: rendering chunks...
2025-10-04T15:16:27: computing gzip size...
2025-10-04T15:16:27: dist/client/index.html                   0.46 kB │ gzip:   0.31 kB
2025-10-04T15:16:27: dist/client/assets/index-DhS5VDqF.css   16.37 kB │ gzip:   3.95 kB
2025-10-04T15:16:27: dist/client/assets/index-UjPkGKlN.js   407.20 kB │ gzip: 123.44 kB
2025-10-04T15:16:27: ✓ built in 640ms
2025-10-04T15:16:27: vite v7.1.4 building SSR bundle for production...
2025-10-04T15:16:28: 
2025-10-04T15:16:28: > judt-node-template@0.1.0 dev:server
2025-10-04T15:16:28: > npm run build && npm run dev
2025-10-04T15:16:28: 
2025-10-04T15:16:28: 
2025-10-04T15:16:28: > judt-node-template@0.1.0 build
2025-10-04T15:16:28: > vite build && BUILD_SSR=true vite build
2025-10-04T15:16:28: 
2025-10-04T15:16:28: vite v7.1.4 building for production...
2025-10-04T15:16:28: transforming...
2025-10-04T15:16:29: ✓ 49 modules transformed.
2025-10-04T15:16:29: rendering chunks...
2025-10-04T15:16:29: computing gzip size...
2025-10-04T15:16:29: dist/client/index.html                   0.46 kB │ gzip:   0.31 kB
2025-10-04T15:16:29: dist/client/assets/index-DhS5VDqF.css   16.37 kB │ gzip:   3.95 kB
2025-10-04T15:16:29: dist/client/assets/index-UjPkGKlN.js   407.20 kB │ gzip: 123.44 kB
2025-10-04T15:16:29: ✓ built in 616ms
2025-10-04T15:16:29: 
2025-10-04T15:16:29: > judt-node-template@0.1.0 dev:server
2025-10-04T15:16:29: > npm run build && npm run dev
2025-10-04T15:16:29: 
2025-10-04T15:16:29: 
2025-10-04T15:16:29: > judt-node-template@0.1.0 build
2025-10-04T15:16:29: > vite build && BUILD_SSR=true vite build
2025-10-04T15:16:29: 
2025-10-04T15:16:30: vite v7.1.4 building for production...
2025-10-04T15:16:30: transforming...
2025-10-04T15:16:30: ✓ 49 modules transformed.
2025-10-04T15:16:30: rendering chunks...
2025-10-04T15:16:30: computing gzip size...
2025-10-04T15:16:30: dist/client/index.html                   0.46 kB │ gzip:   0.31 kB
2025-10-04T15:16:30: dist/client/assets/index-DhS5VDqF.css   16.37 kB │ gzip:   3.95 kB
2025-10-04T15:16:30: dist/client/assets/index-UjPkGKlN.js   407.20 kB │ gzip: 123.44 kB
2025-10-04T15:16:30: ✓ built in 635ms
2025-10-04T15:16:31: 
2025-10-04T15:16:31: > judt-node-template@0.1.0 dev:server
2025-10-04T15:16:31: > npm run build && npm run dev
2025-10-04T15:16:31: 
2025-10-04T15:16:31: 
2025-10-04T15:16:31: > judt-node-template@0.1.0 build
2025-10-04T15:16:31: > vite build && BUILD_SSR=true vite build
2025-10-04T15:16:31: 
2025-10-04T15:16:31: vite v7.1.4 building for production...
2025-10-04T15:16:31: transforming...
2025-10-04T15:16:32: ✓ 49 modules transformed.
2025-10-04T15:16:32: rendering chunks...
2025-10-04T15:16:32: computing gzip size...
2025-10-04T15:16:32: dist/client/index.html                   0.46 kB │ gzip:   0.31 kB
2025-10-04T15:16:32: dist/client/assets/index-DhS5VDqF.css   16.37 kB │ gzip:   3.95 kB
2025-10-04T15:16:32: dist/client/assets/index-UjPkGKlN.js   407.20 kB │ gzip: 123.44 kB
2025-10-04T15:16:32: ✓ built in 616ms
2025-10-04T15:16:32: 
2025-10-04T15:16:32: > judt-node-template@0.1.0 dev:server
2025-10-04T15:16:32: > npm run build && npm run dev
2025-10-04T15:16:32: 
2025-10-04T15:16:32: 
2025-10-04T15:16:32: > judt-node-template@0.1.0 build
2025-10-04T15:16:32: > vite build && BUILD_SSR=true vite build
2025-10-04T15:16:32: 
2025-10-04T15:16:33: vite v7.1.4 building for production...
2025-10-04T15:16:33: transforming...
2025-10-04T15:16:33: ✓ 49 modules transformed.
2025-10-04T15:16:33: rendering chunks...
2025-10-04T15:16:33: computing gzip size...
2025-10-04T15:16:33: dist/client/index.html                   0.46 kB │ gzip:   0.31 kB
2025-10-04T15:16:33: dist/client/assets/index-DhS5VDqF.css   16.37 kB │ gzip:   3.95 kB
2025-10-04T15:16:33: dist/client/assets/index-UjPkGKlN.js   407.20 kB │ gzip: 123.44 kB
2025-10-04T15:16:33: ✓ built in 630ms
2025-10-04T15:16:34: 
2025-10-04T15:16:34: > judt-node-template@0.1.0 dev:server
2025-10-04T15:16:34: > npm run build && npm run dev
2025-10-04T15:16:34: 
2025-10-04T15:16:34: 
2025-10-04T15:16:34: > judt-node-template@0.1.0 build
2025-10-04T15:16:34: > vite build && BUILD_SSR=true vite build
2025-10-04T15:16:34: 
2025-10-04T15:16:34: vite v7.1.4 building for production...
2025-10-04T15:16:34: transforming...
2025-10-04T15:16:35: ✓ 49 modules transformed.
2025-10-04T15:16:35: rendering chunks...
2025-10-04T15:16:35: computing gzip size...
2025-10-04T15:16:35: dist/client/index.html                   0.46 kB │ gzip:   0.31 kB
2025-10-04T15:16:35: dist/client/assets/index-DhS5VDqF.css   16.37 kB │ gzip:   3.95 kB
2025-10-04T15:16:35: dist/client/assets/index-UjPkGKlN.js   407.20 kB │ gzip: 123.44 kB
2025-10-04T15:16:35: ✓ built in 628ms
2025-10-04T15:16:35: 
2025-10-04T15:16:35: > judt-node-template@0.1.0 dev:server
2025-10-04T15:16:35: > npm run build && npm run dev
2025-10-04T15:16:35: 
2025-10-04T15:16:35: 
2025-10-04T15:16:35: > judt-node-template@0.1.0 build
2025-10-04T15:16:35: > vite build && BUILD_SSR=true vite build
2025-10-04T15:16:35: 
2025-10-04T15:16:36: vite v7.1.4 building for production...
2025-10-04T15:16:36: transforming...
2025-10-04T15:16:36: ✓ 49 modules transformed.
2025-10-04T15:16:36: rendering chunks...
2025-10-04T15:16:36: computing gzip size...
2025-10-04T15:16:36: dist/client/index.html                   0.46 kB │ gzip:   0.31 kB
2025-10-04T15:16:36: dist/client/assets/index-DhS5VDqF.css   16.37 kB │ gzip:   3.95 kB
2025-10-04T15:16:36: dist/client/assets/index-UjPkGKlN.js   407.20 kB │ gzip: 123.44 kB
2025-10-04T15:16:36: ✓ built in 632ms
2025-10-04T15:16:37: 
2025-10-04T15:16:37: > judt-node-template@0.1.0 dev:server
2025-10-04T15:16:37: > npm run build && npm run dev
2025-10-04T15:16:37: 
2025-10-04T15:16:37: 
2025-10-04T15:16:37: > judt-node-template@0.1.0 build
2025-10-04T15:16:37: > vite build && BUILD_SSR=true vite build
2025-10-04T15:16:37: 
2025-10-04T15:16:37: vite v7.1.4 building for production...
2025-10-04T15:16:37: transforming...
2025-10-04T15:16:38: ✓ 49 modules transformed.
2025-10-04T15:16:38: rendering chunks...
2025-10-04T15:16:38: computing gzip size...
2025-10-04T15:16:38: dist/client/index.html                   0.46 kB │ gzip:   0.31 kB
2025-10-04T15:16:38: dist/client/assets/index-DhS5VDqF.css   16.37 kB │ gzip:   3.95 kB
2025-10-04T15:16:38: dist/client/assets/index-UjPkGKlN.js   407.20 kB │ gzip: 123.44 kB
2025-10-04T15:16:38: ✓ built in 615ms
2025-10-04T15:16:38: 
2025-10-04T15:16:38: > judt-node-template@0.1.0 dev:server
2025-10-04T15:16:38: > npm run build && npm run dev
2025-10-04T15:16:38: 
2025-10-04T15:16:38: 
2025-10-04T15:16:38: > judt-node-template@0.1.0 build
2025-10-04T15:16:38: > vite build && BUILD_SSR=true vite build
2025-10-04T15:16:38: 
2025-10-04T15:16:39: vite v7.1.4 building for production...
2025-10-04T15:16:39: transforming...
2025-10-04T15:16:39: ✓ 49 modules transformed.
2025-10-04T15:16:39: rendering chunks...
2025-10-04T15:16:39: computing gzip size...
2025-10-04T15:16:39: dist/client/index.html                   0.46 kB │ gzip:   0.31 kB
2025-10-04T15:16:39: dist/client/assets/index-DhS5VDqF.css   16.37 kB │ gzip:   3.95 kB
2025-10-04T15:16:39: dist/client/assets/index-UjPkGKlN.js   407.20 kB │ gzip: 123.44 kB
2025-10-04T15:16:39: ✓ built in 733ms
2025-10-04T15:16:40: 
2025-10-04T15:16:40: > judt-node-template@0.1.0 dev:server
2025-10-04T15:16:40: > npm run build && npm run dev
2025-10-04T15:16:40: 
2025-10-04T15:16:40: 
2025-10-04T15:16:40: > judt-node-template@0.1.0 build
2025-10-04T15:16:40: > vite build && BUILD_SSR=true vite build
2025-10-04T15:16:40: 
2025-10-04T15:16:40: vite v7.1.4 building for production...
2025-10-04T15:16:40: transforming...
2025-10-04T15:16:41: ✓ 49 modules transformed.
2025-10-04T15:16:41: rendering chunks...
2025-10-04T15:16:41: computing gzip size...
2025-10-04T15:16:41: dist/client/index.html                   0.46 kB │ gzip:   0.31 kB
2025-10-04T15:16:41: dist/client/assets/index-DhS5VDqF.css   16.37 kB │ gzip:   3.95 kB
2025-10-04T15:16:41: dist/client/assets/index-UjPkGKlN.js   407.20 kB │ gzip: 123.44 kB
2025-10-04T15:16:41: ✓ built in 661ms
2025-10-04T15:16:42: 
2025-10-04T15:16:42: > judt-node-template@0.1.0 dev:server
2025-10-04T15:16:42: > npm run build && npm run dev
2025-10-04T15:16:42: 
2025-10-04T15:16:42: 
2025-10-04T15:16:42: > judt-node-template@0.1.0 build
2025-10-04T15:16:42: > vite build && BUILD_SSR=true vite build
2025-10-04T15:16:42: 
2025-10-04T15:16:42: vite v7.1.4 building for production...
2025-10-04T15:16:42: transforming...
2025-10-04T15:16:43: ✓ 49 modules transformed.
2025-10-04T15:16:43: rendering chunks...
2025-10-04T15:16:43: computing gzip size...
2025-10-04T15:16:43: dist/client/index.html                   0.46 kB │ gzip:   0.31 kB
2025-10-04T15:16:43: dist/client/assets/index-DhS5VDqF.css   16.37 kB │ gzip:   3.95 kB
2025-10-04T15:16:43: dist/client/assets/index-UjPkGKlN.js   407.20 kB │ gzip: 123.44 kB
2025-10-04T15:16:43: ✓ built in 622ms
2025-10-04T15:16:43: 
2025-10-04T15:16:43: > judt-node-template@0.1.0 dev:server
2025-10-04T15:16:43: > npm run build && npm run dev
2025-10-04T15:16:43: 
2025-10-04T15:16:43: 
2025-10-04T15:16:43: > judt-node-template@0.1.0 build
2025-10-04T15:16:43: > vite build && BUILD_SSR=true vite build
2025-10-04T15:16:43: 
2025-10-04T15:16:44: vite v7.1.4 building for production...
2025-10-04T15:16:44: transforming...
2025-10-04T15:16:44: ✓ 49 modules transformed.
2025-10-04T15:16:44: rendering chunks...
2025-10-04T15:16:44: computing gzip size...
2025-10-04T15:16:44: dist/client/index.html                   0.46 kB │ gzip:   0.31 kB
2025-10-04T15:16:44: dist/client/assets/index-DhS5VDqF.css   16.37 kB │ gzip:   3.95 kB
2025-10-04T15:16:44: dist/client/assets/index-UjPkGKlN.js   407.20 kB │ gzip: 123.44 kB
2025-10-04T15:16:44: ✓ built in 626ms
2025-10-04T15:16:45: vite v7.1.4 building SSR bundle for production...
2025-10-04T15:16:45: 
2025-10-04T15:16:45: > judt-node-template@0.1.0 dev:server
2025-10-04T15:16:45: > npm run build && npm run dev
2025-10-04T15:16:45: 
2025-10-04T15:16:45: 
2025-10-04T15:16:45: > judt-node-template@0.1.0 build
2025-10-04T15:16:45: > vite build && BUILD_SSR=true vite build
2025-10-04T15:16:45: 
2025-10-04T15:16:45: vite v7.1.4 building for production...
2025-10-04T15:16:45: transforming...
2025-10-04T15:16:46: ✓ 49 modules transformed.
2025-10-04T15:16:46: rendering chunks...
2025-10-04T15:16:46: computing gzip size...
2025-10-04T15:16:46: dist/client/index.html                   0.46 kB │ gzip:   0.31 kB
2025-10-04T15:16:46: dist/client/assets/index-DhS5VDqF.css   16.37 kB │ gzip:   3.95 kB
2025-10-04T15:16:46: dist/client/assets/index-UjPkGKlN.js   407.20 kB │ gzip: 123.44 kB
2025-10-04T15:16:46: ✓ built in 642ms
2025-10-04T15:16:46: 
2025-10-04T15:16:46: > judt-node-template@0.1.0 dev:server
2025-10-04T15:16:46: > npm run build && npm run dev
2025-10-04T15:16:46: 
2025-10-04T15:16:47: 
2025-10-04T15:16:47: > judt-node-template@0.1.0 build
2025-10-04T15:16:47: > vite build && BUILD_SSR=true vite build
2025-10-04T15:16:47: 
2025-10-04T15:16:47: vite v7.1.4 building for production...
2025-10-04T15:16:47: transforming...
2025-10-04T15:16:47: ✓ 49 modules transformed.
2025-10-04T15:16:47: rendering chunks...
2025-10-04T15:16:47: computing gzip size...
2025-10-04T15:16:47: dist/client/index.html                   0.46 kB │ gzip:   0.31 kB
2025-10-04T15:16:47: dist/client/assets/index-DhS5VDqF.css   16.37 kB │ gzip:   3.95 kB
2025-10-04T15:16:47: dist/client/assets/index-UjPkGKlN.js   407.20 kB │ gzip: 123.44 kB
2025-10-04T15:16:47: ✓ built in 612ms
2025-10-04T15:16:48: 
2025-10-04T15:16:48: > judt-node-template@0.1.0 dev:server
2025-10-04T15:16:48: > npm run build && npm run dev
2025-10-04T15:16:48: 
2025-10-04T15:16:48: 
2025-10-04T15:16:48: > judt-node-template@0.1.0 build
2025-10-04T15:16:48: > vite build && BUILD_SSR=true vite build
2025-10-04T15:16:48: 
2025-10-04T15:16:48: vite v7.1.4 building for production...
2025-10-04T15:16:48: transforming...
2025-10-04T15:16:49: ✓ 49 modules transformed.
2025-10-04T15:16:49: rendering chunks...
2025-10-04T15:16:49: computing gzip size...
2025-10-04T15:16:49: dist/client/index.html                   0.46 kB │ gzip:   0.31 kB
2025-10-04T15:16:49: dist/client/assets/index-DhS5VDqF.css   16.37 kB │ gzip:   3.95 kB
2025-10-04T15:16:49: dist/client/assets/index-UjPkGKlN.js   407.20 kB │ gzip: 123.44 kB
2025-10-04T15:16:49: ✓ built in 643ms
2025-10-04T15:16:49: vite v7.1.4 building SSR bundle for production...
2025-10-04T15:16:49: 
2025-10-04T15:16:49: > judt-node-template@0.1.0 dev:server
2025-10-04T15:16:49: > npm run build && npm run dev
2025-10-04T15:16:49: 
2025-10-04T15:16:50: 
2025-10-04T15:16:50: > judt-node-template@0.1.0 build
2025-10-04T15:16:50: > vite build && BUILD_SSR=true vite build
2025-10-04T15:16:50: 
2025-10-04T15:16:50: vite v7.1.4 building for production...
2025-10-04T15:16:50: transforming...
2025-10-04T15:16:50: ✓ 49 modules transformed.
2025-10-04T15:16:51: rendering chunks...
2025-10-04T15:16:51: computing gzip size...
2025-10-04T15:16:51: dist/client/index.html                   0.46 kB │ gzip:   0.31 kB
2025-10-04T15:16:51: dist/client/assets/index-DhS5VDqF.css   16.37 kB │ gzip:   3.95 kB
2025-10-04T15:16:51: dist/client/assets/index-UjPkGKlN.js   407.20 kB │ gzip: 123.44 kB
2025-10-04T15:16:51: ✓ built in 625ms
2025-10-04T15:16:51: 
2025-10-04T15:16:51: > judt-node-template@0.1.0 dev:server
2025-10-04T15:16:51: > npm run build && npm run dev
2025-10-04T15:16:51: 
2025-10-04T15:16:51: 
2025-10-04T15:16:51: > judt-node-template@0.1.0 build
2025-10-04T15:16:51: > vite build && BUILD_SSR=true vite build
2025-10-04T15:16:51: 
2025-10-04T15:16:51: vite v7.1.4 building for production...
2025-10-04T15:16:51: transforming...
2025-10-04T15:16:52: ✓ 49 modules transformed.
2025-10-04T15:16:52: rendering chunks...
2025-10-04T15:16:52: computing gzip size...
2025-10-04T15:16:52: dist/client/index.html                   0.46 kB │ gzip:   0.31 kB
2025-10-04T15:16:52: dist/client/assets/index-DhS5VDqF.css   16.37 kB │ gzip:   3.95 kB
2025-10-04T15:16:52: dist/client/assets/index-UjPkGKlN.js   407.20 kB │ gzip: 123.44 kB
2025-10-04T15:16:52: ✓ built in 639ms
2025-10-04T15:16:53: 
2025-10-04T15:16:53: > judt-node-template@0.1.0 dev:server
2025-10-04T15:16:53: > npm run build && npm run dev
2025-10-04T15:16:53: 
2025-10-04T15:16:53: 
2025-10-04T15:16:53: > judt-node-template@0.1.0 build
2025-10-04T15:16:53: > vite build && BUILD_SSR=true vite build
2025-10-04T15:16:53: 
2025-10-04T15:16:53: vite v7.1.4 building for production...
2025-10-04T15:16:53: transforming...
2025-10-04T15:16:54: ✓ 49 modules transformed.
2025-10-04T15:16:54: rendering chunks...
2025-10-04T15:16:54: computing gzip size...
2025-10-04T15:16:54: dist/client/index.html                   0.46 kB │ gzip:   0.31 kB
2025-10-04T15:16:54: dist/client/assets/index-DhS5VDqF.css   16.37 kB │ gzip:   3.95 kB
2025-10-04T15:16:54: dist/client/assets/index-UjPkGKlN.js   407.20 kB │ gzip: 123.44 kB
2025-10-04T15:16:54: ✓ built in 644ms
2025-10-04T15:16:54: 
2025-10-04T15:16:54: > judt-node-template@0.1.0 dev:server
2025-10-04T15:16:54: > npm run build && npm run dev
2025-10-04T15:16:54: 
2025-10-04T15:16:54: 
2025-10-04T15:16:54: > judt-node-template@0.1.0 build
2025-10-04T15:16:54: > vite build && BUILD_SSR=true vite build
2025-10-04T15:16:54: 
2025-10-04T15:16:55: vite v7.1.4 building for production...
2025-10-04T15:16:55: transforming...
2025-10-04T15:16:55: ✓ 49 modules transformed.
2025-10-04T15:16:55: rendering chunks...
2025-10-04T15:16:55: computing gzip size...
2025-10-04T15:16:55: dist/client/index.html                   0.46 kB │ gzip:   0.31 kB
2025-10-04T15:16:55: dist/client/assets/index-DhS5VDqF.css   16.37 kB │ gzip:   3.95 kB
2025-10-04T15:16:55: dist/client/assets/index-UjPkGKlN.js   407.20 kB │ gzip: 123.44 kB
2025-10-04T15:16:55: ✓ built in 650ms
2025-10-04T15:16:56: 
2025-10-04T15:16:56: > judt-node-template@0.1.0 dev:server
2025-10-04T15:16:56: > npm run build && npm run dev
2025-10-04T15:16:56: 
2025-10-04T15:16:56: 
2025-10-04T15:16:56: > judt-node-template@0.1.0 build
2025-10-04T15:16:56: > vite build && BUILD_SSR=true vite build
2025-10-04T15:16:56: 
2025-10-04T15:16:56: vite v7.1.4 building for production...
2025-10-04T15:16:56: transforming...
2025-10-04T15:16:57: ✓ 49 modules transformed.
2025-10-04T15:16:57: rendering chunks...
2025-10-04T15:16:57: computing gzip size...
2025-10-04T15:16:57: dist/client/index.html                   0.46 kB │ gzip:   0.31 kB
2025-10-04T15:16:57: dist/client/assets/index-DhS5VDqF.css   16.37 kB │ gzip:   3.95 kB
2025-10-04T15:16:57: dist/client/assets/index-UjPkGKlN.js   407.20 kB │ gzip: 123.44 kB
2025-10-04T15:16:57: ✓ built in 691ms
2025-10-04T15:16:57: 
2025-10-04T15:16:57: > judt-node-template@0.1.0 dev:server
2025-10-04T15:16:57: > npm run build && npm run dev
2025-10-04T15:16:57: 
2025-10-04T15:16:57: 
2025-10-04T15:16:57: > judt-node-template@0.1.0 build
2025-10-04T15:16:57: > vite build && BUILD_SSR=true vite build
2025-10-04T15:16:57: 
2025-10-04T15:16:58: vite v7.1.4 building for production...
2025-10-04T15:16:58: transforming...
2025-10-04T15:16:58: ✓ 49 modules transformed.
2025-10-04T15:16:58: rendering chunks...
2025-10-04T15:16:58: computing gzip size...
2025-10-04T15:16:58: dist/client/index.html                   0.46 kB │ gzip:   0.31 kB
2025-10-04T15:16:58: dist/client/assets/index-DhS5VDqF.css   16.37 kB │ gzip:   3.95 kB
2025-10-04T15:16:58: dist/client/assets/index-UjPkGKlN.js   407.20 kB │ gzip: 123.44 kB
2025-10-04T15:16:58: ✓ built in 684ms
2025-10-04T15:16:59: 
2025-10-04T15:16:59: > judt-node-template@0.1.0 dev:server
2025-10-04T15:16:59: > npm run build && npm run dev
2025-10-04T15:16:59: 
2025-10-04T15:16:59: 
2025-10-04T15:16:59: > judt-node-template@0.1.0 build
2025-10-04T15:16:59: > vite build && BUILD_SSR=true vite build
2025-10-04T15:16:59: 
2025-10-04T15:16:59: vite v7.1.4 building for production...
2025-10-04T15:16:59: transforming...
2025-10-04T15:17:00: ✓ 49 modules transformed.
2025-10-04T15:17:00: rendering chunks...
2025-10-04T15:17:00: computing gzip size...
2025-10-04T15:17:00: dist/client/index.html                   0.46 kB │ gzip:   0.31 kB
2025-10-04T15:17:00: dist/client/assets/index-DhS5VDqF.css   16.37 kB │ gzip:   3.95 kB
2025-10-04T15:17:00: dist/client/assets/index-UjPkGKlN.js   407.20 kB │ gzip: 123.44 kB
2025-10-04T15:17:00: ✓ built in 649ms
2025-10-04T15:17:00: vite v7.1.4 building SSR bundle for production...
2025-10-04T15:17:00: 
2025-10-04T15:17:00: > judt-node-template@0.1.0 dev:server
2025-10-04T15:17:00: > npm run build && npm run dev
2025-10-04T15:17:00: 
2025-10-04T15:17:01: 
2025-10-04T15:17:01: > judt-node-template@0.1.0 build
2025-10-04T15:17:01: > vite build && BUILD_SSR=true vite build
2025-10-04T15:17:01: 
2025-10-04T15:17:01: vite v7.1.4 building for production...
2025-10-04T15:17:01: transforming...
2025-10-04T15:17:02: ✓ 49 modules transformed.
2025-10-04T15:17:02: rendering chunks...
2025-10-04T15:17:02: computing gzip size...
2025-10-04T15:17:02: dist/client/index.html                   0.46 kB │ gzip:   0.31 kB
2025-10-04T15:17:02: dist/client/assets/index-DhS5VDqF.css   16.37 kB │ gzip:   3.95 kB
2025-10-04T15:17:02: dist/client/assets/index-UjPkGKlN.js   407.20 kB │ gzip: 123.44 kB
2025-10-04T15:17:02: ✓ built in 646ms
2025-10-04T15:17:02: 
2025-10-04T15:17:02: > judt-node-template@0.1.0 dev:server
2025-10-04T15:17:02: > npm run build && npm run dev
2025-10-04T15:17:02: 
2025-10-04T15:17:02: 
2025-10-04T15:17:02: > judt-node-template@0.1.0 build
2025-10-04T15:17:02: > vite build && BUILD_SSR=true vite build
2025-10-04T15:17:02: 
2025-10-04T15:17:03: vite v7.1.4 building for production...
2025-10-04T15:17:03: transforming...
2025-10-04T15:17:03: ✓ 49 modules transformed.
2025-10-04T15:17:03: rendering chunks...
2025-10-04T15:17:03: computing gzip size...
2025-10-04T15:17:03: dist/client/index.html                   0.46 kB │ gzip:   0.31 kB
2025-10-04T15:17:03: dist/client/assets/index-DhS5VDqF.css   16.37 kB │ gzip:   3.95 kB
2025-10-04T15:17:03: dist/client/assets/index-UjPkGKlN.js   407.20 kB │ gzip: 123.44 kB
2025-10-04T15:17:03: ✓ built in 646ms
2025-10-04T15:17:04: 
2025-10-04T15:17:04: > judt-node-template@0.1.0 dev:server
2025-10-04T15:17:04: > npm run build && npm run dev
2025-10-04T15:17:04: 
2025-10-04T15:17:04: 
2025-10-04T15:17:04: > judt-node-template@0.1.0 build
2025-10-04T15:17:04: > vite build && BUILD_SSR=true vite build
2025-10-04T15:17:04: 
2025-10-04T15:17:04: vite v7.1.4 building for production...
2025-10-04T15:17:04: transforming...
2025-10-04T15:17:05: ✓ 49 modules transformed.
2025-10-04T15:17:05: rendering chunks...
2025-10-04T15:17:05: computing gzip size...
2025-10-04T15:17:05: dist/client/index.html                   0.46 kB │ gzip:   0.31 kB
2025-10-04T15:17:05: dist/client/assets/index-DhS5VDqF.css   16.37 kB │ gzip:   3.95 kB
2025-10-04T15:17:05: dist/client/assets/index-UjPkGKlN.js   407.20 kB │ gzip: 123.44 kB
2025-10-04T15:17:05: ✓ built in 650ms
2025-10-04T15:17:05: vite v7.1.4 building SSR bundle for production...
2025-10-04T15:17:05: 
2025-10-04T15:17:05: > judt-node-template@0.1.0 dev:server
2025-10-04T15:17:05: > npm run build && npm run dev
2025-10-04T15:17:05: 
2025-10-04T15:17:06: 
2025-10-04T15:17:06: > judt-node-template@0.1.0 build
2025-10-04T15:17:06: > vite build && BUILD_SSR=true vite build
2025-10-04T15:17:06: 
2025-10-04T15:17:06: vite v7.1.4 building for production...
2025-10-04T15:17:06: transforming...
2025-10-04T15:17:06: ✓ 49 modules transformed.
2025-10-04T15:17:06: rendering chunks...
2025-10-04T15:17:06: computing gzip size...
2025-10-04T15:17:06: dist/client/index.html                   0.46 kB │ gzip:   0.31 kB
2025-10-04T15:17:06: dist/client/assets/index-DhS5VDqF.css   16.37 kB │ gzip:   3.95 kB
2025-10-04T15:17:06: dist/client/assets/index-UjPkGKlN.js   407.20 kB │ gzip: 123.44 kB
2025-10-04T15:17:06: ✓ built in 663ms
2025-10-04T15:17:07: vite v7.1.4 building SSR bundle for production...
2025-10-04T15:17:07: 
2025-10-04T15:17:07: > judt-node-template@0.1.0 dev:server
2025-10-04T15:17:07: > npm run build && npm run dev
2025-10-04T15:17:07: 
2025-10-04T15:17:07: 
2025-10-04T15:17:07: > judt-node-template@0.1.0 build
2025-10-04T15:17:07: > vite build && BUILD_SSR=true vite build
2025-10-04T15:17:07: 
2025-10-04T15:17:07: vite v7.1.4 building for production...
2025-10-04T15:17:07: transforming...
2025-10-04T15:17:08: ✓ 49 modules transformed.
2025-10-04T15:17:08: rendering chunks...
2025-10-04T15:17:08: computing gzip size...
2025-10-04T15:17:08: dist/client/index.html                   0.46 kB │ gzip:   0.31 kB
2025-10-04T15:17:08: dist/client/assets/index-DhS5VDqF.css   16.37 kB │ gzip:   3.95 kB
2025-10-04T15:17:08: dist/client/assets/index-UjPkGKlN.js   407.20 kB │ gzip: 123.44 kB
2025-10-04T15:17:08: ✓ built in 620ms
2025-10-04T15:17:08: 
2025-10-04T15:17:08: > judt-node-template@0.1.0 dev:server
2025-10-04T15:17:08: > npm run build && npm run dev
2025-10-04T15:17:08: 
2025-10-04T15:17:09: 
2025-10-04T15:17:09: > judt-node-template@0.1.0 build
2025-10-04T15:17:09: > vite build && BUILD_SSR=true vite build
2025-10-04T15:17:09: 
2025-10-04T15:17:09: vite v7.1.4 building for production...
2025-10-04T15:17:09: transforming...
2025-10-04T15:17:09: ✓ 49 modules transformed.
2025-10-04T15:17:10: rendering chunks...
2025-10-04T15:17:10: computing gzip size...
2025-10-04T15:17:10: dist/client/index.html                   0.46 kB │ gzip:   0.31 kB
2025-10-04T15:17:10: dist/client/assets/index-DhS5VDqF.css   16.37 kB │ gzip:   3.95 kB
2025-10-04T15:17:10: dist/client/assets/index-UjPkGKlN.js   407.20 kB │ gzip: 123.44 kB
2025-10-04T15:17:10: ✓ built in 638ms
2025-10-04T15:17:10: vite v7.1.4 building SSR bundle for production...
2025-10-04T15:17:10: 
2025-10-04T15:17:10: > judt-node-template@0.1.0 dev:server
2025-10-04T15:17:10: > npm run build && npm run dev
2025-10-04T15:17:10: 
2025-10-04T15:17:10: 
2025-10-04T15:17:10: > judt-node-template@0.1.0 build
2025-10-04T15:17:10: > vite build && BUILD_SSR=true vite build && pm2 restart all
2025-10-04T15:17:10: 
2025-10-04T15:17:11: vite v7.1.4 building for production...
2025-10-04T15:17:11: transforming...
2025-10-04T15:17:11: ✓ 49 modules transformed.
2025-10-04T15:17:11: rendering chunks...
2025-10-04T15:17:11: computing gzip size...
2025-10-04T15:17:11: dist/client/index.html                   0.46 kB │ gzip:   0.31 kB
2025-10-04T15:17:11: dist/client/assets/index-DhS5VDqF.css   16.37 kB │ gzip:   3.95 kB
2025-10-04T15:17:11: dist/client/assets/index-UjPkGKlN.js   407.20 kB │ gzip: 123.44 kB
2025-10-04T15:17:11: ✓ built in 622ms
2025-10-04T15:17:12: 
2025-10-04T15:17:12: > judt-node-template@0.1.0 dev:server
2025-10-04T15:17:12: > npm run build && npm run dev
2025-10-04T15:17:12: 
2025-10-04T15:17:12: 
2025-10-04T15:17:12: > judt-node-template@0.1.0 build
2025-10-04T15:17:12: > vite build && BUILD_SSR=true vite build && pm2 restart all
2025-10-04T15:17:12: 
2025-10-04T15:17:12: vite v7.1.4 building for production...
2025-10-04T15:17:12: transforming...
2025-10-04T15:17:13: ✓ 49 modules transformed.
2025-10-04T15:17:13: rendering chunks...
2025-10-04T15:17:13: computing gzip size...
2025-10-04T15:17:13: dist/client/index.html                   0.46 kB │ gzip:   0.31 kB
2025-10-04T15:17:13: dist/client/assets/index-DhS5VDqF.css   16.37 kB │ gzip:   3.95 kB
2025-10-04T15:17:13: dist/client/assets/index-UjPkGKlN.js   407.20 kB │ gzip: 123.44 kB
2025-10-04T15:17:13: ✓ built in 619ms
2025-10-04T15:17:13: 
2025-10-04T15:17:13: > judt-node-template@0.1.0 dev:server
2025-10-04T15:17:13: > npm run build && npm run dev
2025-10-04T15:17:13: 
2025-10-04T15:17:13: 
2025-10-04T15:17:13: > judt-node-template@0.1.0 build
2025-10-04T15:17:13: > vite build && BUILD_SSR=true vite build && pm2 restart all
2025-10-04T15:17:13: 
2025-10-04T15:17:14: vite v7.1.4 building for production...
2025-10-04T15:17:14: transforming...
2025-10-04T15:17:14: ✓ 49 modules transformed.
2025-10-04T15:17:14: rendering chunks...
2025-10-04T15:17:14: computing gzip size...
2025-10-04T15:17:14: dist/client/index.html                   0.46 kB │ gzip:   0.31 kB
2025-10-04T15:17:14: dist/client/assets/index-DhS5VDqF.css   16.37 kB │ gzip:   3.95 kB
2025-10-04T15:17:14: dist/client/assets/index-UjPkGKlN.js   407.20 kB │ gzip: 123.44 kB
2025-10-04T15:17:14: ✓ built in 640ms
2025-10-04T15:17:15: 
2025-10-04T15:17:15: > judt-node-template@0.1.0 dev:server
2025-10-04T15:17:15: > npm run build && npm run dev
2025-10-04T15:17:15: 
2025-10-04T15:17:15: 
2025-10-04T15:17:15: > judt-node-template@0.1.0 build
2025-10-04T15:17:15: > vite build && BUILD_SSR=true vite build && pm2 restart all
2025-10-04T15:17:15: 
2025-10-04T15:17:15: vite v7.1.4 building for production...
2025-10-04T15:17:15: transforming...
2025-10-04T15:17:16: ✓ 49 modules transformed.
2025-10-04T15:17:16: rendering chunks...
2025-10-04T15:17:16: computing gzip size...
2025-10-04T15:17:16: dist/client/index.html                   0.46 kB │ gzip:   0.31 kB
2025-10-04T15:17:16: dist/client/assets/index-DhS5VDqF.css   16.37 kB │ gzip:   3.95 kB
2025-10-04T15:17:16: dist/client/assets/index-UjPkGKlN.js   407.20 kB │ gzip: 123.44 kB
2025-10-04T15:17:16: ✓ built in 633ms
2025-10-04T15:17:16: 
2025-10-04T15:17:16: > judt-node-template@0.1.0 dev:server
2025-10-04T15:17:16: > npm run build && npm run dev
2025-10-04T15:17:16: 
2025-10-04T15:17:16: 
2025-10-04T15:17:16: > judt-node-template@0.1.0 build
2025-10-04T15:17:16: > vite build && BUILD_SSR=true vite build && pm2 restart all
2025-10-04T15:17:16: 
2025-10-04T15:17:17: vite v7.1.4 building for production...
2025-10-04T15:17:17: transforming...
2025-10-04T15:17:17: ✓ 49 modules transformed.
2025-10-04T15:17:17: rendering chunks...
2025-10-04T15:17:17: computing gzip size...
2025-10-04T15:17:17: dist/client/index.html                   0.46 kB │ gzip:   0.31 kB
2025-10-04T15:17:17: dist/client/assets/index-DhS5VDqF.css   16.37 kB │ gzip:   3.95 kB
2025-10-04T15:17:17: dist/client/assets/index-UjPkGKlN.js   407.20 kB │ gzip: 123.44 kB
2025-10-04T15:17:17: ✓ built in 633ms
2025-10-04T15:17:18: vite v7.1.4 building SSR bundle for production...
2025-10-04T15:17:18: 
2025-10-04T15:17:18: > judt-node-template@0.1.0 dev:server
2025-10-04T15:17:18: > npm run build && npm run dev
2025-10-04T15:17:18: 
2025-10-04T15:17:18: 
2025-10-04T15:17:18: > judt-node-template@0.1.0 build
2025-10-04T15:17:18: > vite build && BUILD_SSR=true vite build && pm2 restart all
2025-10-04T15:17:18: 
2025-10-04T15:17:18: vite v7.1.4 building for production...
2025-10-04T15:17:18: transforming...
2025-10-04T15:17:19: ✓ 49 modules transformed.
2025-10-04T15:17:19: rendering chunks...
2025-10-04T15:17:19: computing gzip size...
2025-10-04T15:17:19: dist/client/index.html                   0.46 kB │ gzip:   0.31 kB
2025-10-04T15:17:19: dist/client/assets/index-DhS5VDqF.css   16.37 kB │ gzip:   3.95 kB
2025-10-04T15:17:19: dist/client/assets/index-UjPkGKlN.js   407.20 kB │ gzip: 123.44 kB
2025-10-04T15:17:19: ✓ built in 623ms
2025-10-04T15:17:19: vite v7.1.4 building SSR bundle for production...
2025-10-04T15:17:20: 
2025-10-04T15:17:20: > judt-node-template@0.1.0 dev:server
2025-10-04T15:17:20: > npm run build && npm run dev
2025-10-04T15:17:20: 
2025-10-04T15:17:20: 
2025-10-04T15:17:20: > judt-node-template@0.1.0 build
2025-10-04T15:17:20: > vite build && BUILD_SSR=true vite build && pm2 restart all
2025-10-04T15:17:20: 
2025-10-04T15:17:20: vite v7.1.4 building for production...
2025-10-04T15:17:20: transforming...
2025-10-04T15:17:21: ✓ 49 modules transformed.
2025-10-04T15:17:21: rendering chunks...
2025-10-04T15:17:21: computing gzip size...
2025-10-04T15:17:21: dist/client/index.html                   0.46 kB │ gzip:   0.31 kB
2025-10-04T15:17:21: dist/client/assets/index-DhS5VDqF.css   16.37 kB │ gzip:   3.95 kB
2025-10-04T15:17:21: dist/client/assets/index-UjPkGKlN.js   407.20 kB │ gzip: 123.44 kB
2025-10-04T15:17:21: ✓ built in 627ms
2025-10-04T15:17:21: vite v7.1.4 building SSR bundle for production...
2025-10-04T15:17:21: 
2025-10-04T15:17:21: > judt-node-template@0.1.0 dev:server
2025-10-04T15:17:21: > npm run build && npm run dev
2025-10-04T15:17:21: 
2025-10-04T15:17:21: 
2025-10-04T15:17:21: > judt-node-template@0.1.0 build
2025-10-04T15:17:21: > vite build && BUILD_SSR=true vite build && pm2 restart all
2025-10-04T15:17:21: 
2025-10-04T15:17:22: vite v7.1.4 building for production...
2025-10-04T15:17:22: transforming...
2025-10-04T15:17:22: ✓ 49 modules transformed.
2025-10-04T15:17:22: rendering chunks...
2025-10-04T15:17:22: computing gzip size...
2025-10-04T15:17:22: dist/client/index.html                   0.46 kB │ gzip:   0.31 kB
2025-10-04T15:17:22: dist/client/assets/index-DhS5VDqF.css   16.37 kB │ gzip:   3.95 kB
2025-10-04T15:17:22: dist/client/assets/index-UjPkGKlN.js   407.20 kB │ gzip: 123.44 kB
2025-10-04T15:17:22: ✓ built in 628ms
2025-10-04T15:17:23: 
2025-10-04T15:17:23: > judt-node-template@0.1.0 dev:server
2025-10-04T15:17:23: > npm run build && npm run dev
2025-10-04T15:17:23: 
2025-10-04T15:17:23: 
2025-10-04T15:17:23: > judt-node-template@0.1.0 build
2025-10-04T15:17:23: > vite build && BUILD_SSR=true vite build && pm2 restart all
2025-10-04T15:17:23: 
2025-10-04T15:17:23: vite v7.1.4 building for production...
2025-10-04T15:17:23: transforming...
2025-10-04T15:17:24: ✓ 49 modules transformed.
2025-10-04T15:17:24: rendering chunks...
2025-10-04T15:17:24: computing gzip size...
2025-10-04T15:17:24: dist/client/index.html                   0.46 kB │ gzip:   0.31 kB
2025-10-04T15:17:24: dist/client/assets/index-DhS5VDqF.css   16.37 kB │ gzip:   3.95 kB
2025-10-04T15:17:24: dist/client/assets/index-UjPkGKlN.js   407.20 kB │ gzip: 123.44 kB
2025-10-04T15:17:24: ✓ built in 651ms
2025-10-04T15:17:24: 
2025-10-04T15:17:24: > judt-node-template@0.1.0 dev:server
2025-10-04T15:17:24: > npm run build && npm run dev
2025-10-04T15:17:24: 
2025-10-04T15:17:25: 
2025-10-04T15:17:25: > judt-node-template@0.1.0 build
2025-10-04T15:17:25: > vite build && BUILD_SSR=true vite build && pm2 restart all
2025-10-04T15:17:25: 
2025-10-04T15:17:25: vite v7.1.4 building for production...
2025-10-04T15:17:25: transforming...
2025-10-04T15:17:25: ✓ 49 modules transformed.
2025-10-04T15:17:25: rendering chunks...
2025-10-04T15:17:25: computing gzip size...
2025-10-04T15:17:25: dist/client/index.html                   0.46 kB │ gzip:   0.31 kB
2025-10-04T15:17:25: dist/client/assets/index-DhS5VDqF.css   16.37 kB │ gzip:   3.95 kB
2025-10-04T15:17:25: dist/client/assets/index-UjPkGKlN.js   407.20 kB │ gzip: 123.44 kB
2025-10-04T15:17:25: ✓ built in 620ms
2025-10-04T15:17:26: vite v7.1.4 building SSR bundle for production...
2025-10-04T15:17:26: 
2025-10-04T15:17:26: > judt-node-template@0.1.0 dev:server
2025-10-04T15:17:26: > npm run build && npm run dev
2025-10-04T15:17:26: 
2025-10-04T15:17:26: 
2025-10-04T15:17:26: > judt-node-template@0.1.0 build
2025-10-04T15:17:26: > vite build && BUILD_SSR=true vite build && pm2 restart all
2025-10-04T15:17:26: 
2025-10-04T15:17:26: vite v7.1.4 building for production...
2025-10-04T15:17:27: transforming...
2025-10-04T15:17:27: ✓ 49 modules transformed.
2025-10-04T15:17:27: rendering chunks...
2025-10-04T15:17:27: computing gzip size...
2025-10-04T15:17:34: 
2025-10-04T15:17:34: > judt-node-template@0.1.0 dev:server
2025-10-04T15:17:34: > npm run build && npm run dev
2025-10-04T15:17:34: 
2025-10-04T15:17:35: 
2025-10-04T15:17:35: > judt-node-template@0.1.0 build
2025-10-04T15:17:35: > vite build && BUILD_SSR=true vite build && pm2 restart all
2025-10-04T15:17:35: 
2025-10-04T15:17:35: vite v7.1.4 building for production...
2025-10-04T15:17:35: transforming...
2025-10-04T15:17:35: ✓ 49 modules transformed.
2025-10-04T15:17:35: rendering chunks...
2025-10-04T15:17:35: computing gzip size...
2025-10-04T15:17:35: dist/client/index.html                   0.46 kB │ gzip:   0.31 kB
2025-10-04T15:17:35: dist/client/assets/index-DhS5VDqF.css   16.37 kB │ gzip:   3.95 kB
2025-10-04T15:17:35: dist/client/assets/index-UjPkGKlN.js   407.20 kB │ gzip: 123.44 kB
2025-10-04T15:17:35: ✓ built in 622ms
2025-10-04T15:17:36: vite v7.1.4 building SSR bundle for production...
2025-10-04T15:17:36: transforming...
2025-10-04T15:17:36: "default" is imported from external module "react" but never used in "src/pages/Home.jsx", "src/pages/About.jsx", "src/pages/404.jsx", "src/pages/Contact.jsx", "src/routes.jsx", "src/components/ui/button.jsx", "src/App.jsx" and "src/entry-server.jsx".
2025-10-04T15:17:36: ✓ 10 modules transformed.
2025-10-04T15:17:36: rendering chunks...
2025-10-04T15:17:36: dist/server/entry-server.js  8.64 kB
2025-10-04T15:17:36: ✓ built in 144ms
2025-10-04T15:17:36: [1m[34mUse --update-env to update environment variables[39m[22m
2025-10-04T15:17:36: [32m[PM2] [39mApplying action restartProcessId on app [all](ids: [ 0 ])
2025-10-04T15:17:36: 
2025-10-04T15:17:36: > judt-node-template@0.1.0 dev:server
2025-10-04T15:17:36: > npm run build && npm run dev
2025-10-04T15:17:36: 
2025-10-04T15:17:37: 
2025-10-04T15:17:37: > judt-node-template@0.1.0 build
2025-10-04T15:17:37: > vite build && BUILD_SSR=true vite build && pm2 restart all
2025-10-04T15:17:37: 
2025-10-04T15:17:37: vite v7.1.4 building for production...
2025-10-04T15:17:37: transforming...
2025-10-04T15:17:37: ✓ 49 modules transformed.
2025-10-04T15:17:38: rendering chunks...
2025-10-04T15:17:38: computing gzip size...
2025-10-04T15:17:38: dist/client/index.html                   0.46 kB │ gzip:   0.31 kB
2025-10-04T15:17:38: dist/client/assets/index-DhS5VDqF.css   16.37 kB │ gzip:   3.95 kB
2025-10-04T15:17:38: dist/client/assets/index-UjPkGKlN.js   407.20 kB │ gzip: 123.44 kB
2025-10-04T15:17:38: ✓ built in 658ms
2025-10-04T15:17:38: vite v7.1.4 building SSR bundle for production...
2025-10-04T15:17:38: transforming...
2025-10-04T15:17:38: "default" is imported from external module "react" but never used in "src/pages/About.jsx", "src/pages/Home.jsx", "src/pages/Contact.jsx", "src/pages/404.jsx", "src/routes.jsx", "src/components/ui/button.jsx", "src/App.jsx" and "src/entry-server.jsx".
2025-10-04T15:17:38: ✓ 10 modules transformed.
2025-10-04T15:17:38: rendering chunks...
2025-10-04T15:17:38: dist/server/entry-server.js  8.64 kB
2025-10-04T15:17:38: ✓ built in 169ms
2025-10-04T15:17:38: [1m[34mUse --update-env to update environment variables[39m[22m
2025-10-04T15:17:38: [32m[PM2] [39mApplying action restartProcessId on app [all](ids: [ 0 ])
2025-10-04T15:17:39: 
2025-10-04T15:17:39: > judt-node-template@0.1.0 dev:server
2025-10-04T15:17:39: > npm run build && npm run dev
2025-10-04T15:17:39: 
2025-10-04T15:17:39: 
2025-10-04T15:17:39: > judt-node-template@0.1.0 build
2025-10-04T15:17:39: > vite build && BUILD_SSR=true vite build && pm2 restart all
2025-10-04T15:17:39: 
2025-10-04T15:17:39: vite v7.1.4 building for production...
2025-10-04T15:17:39: transforming...
2025-10-04T15:17:40: ✓ 49 modules transformed.
2025-10-04T15:17:40: rendering chunks...
2025-10-04T15:17:40: computing gzip size...
2025-10-04T15:17:40: dist/client/index.html                   0.46 kB │ gzip:   0.31 kB
2025-10-04T15:17:40: dist/client/assets/index-DhS5VDqF.css   16.37 kB │ gzip:   3.95 kB
2025-10-04T15:17:40: dist/client/assets/index-UjPkGKlN.js   407.20 kB │ gzip: 123.44 kB
2025-10-04T15:17:40: ✓ built in 625ms
2025-10-04T15:17:40: vite v7.1.4 building SSR bundle for production...
2025-10-04T15:17:40: transforming...
2025-10-04T15:17:40: "default" is imported from external module "react" but never used in "src/pages/404.jsx", "src/pages/Contact.jsx", "src/pages/Home.jsx", "src/pages/About.jsx", "src/routes.jsx", "src/components/ui/button.jsx", "src/App.jsx" and "src/entry-server.jsx".
2025-10-04T15:17:40: ✓ 10 modules transformed.
2025-10-04T15:17:40: rendering chunks...
2025-10-04T15:17:40: dist/server/entry-server.js  8.64 kB
2025-10-04T15:17:40: ✓ built in 144ms
2025-10-04T15:17:40: [1m[34mUse --update-env to update environment variables[39m[22m
2025-10-04T15:17:40: [32m[PM2] [39mApplying action restartProcessId on app [all](ids: [ 0 ])
2025-10-04T15:17:41: 
2025-10-04T15:17:41: > judt-node-template@0.1.0 dev:server
2025-10-04T15:17:41: > npm run build && npm run dev
2025-10-04T15:17:41: 
2025-10-04T15:17:41: 
2025-10-04T15:17:41: > judt-node-template@0.1.0 build
2025-10-04T15:17:41: > vite build && BUILD_SSR=true vite build && pm2 restart all
2025-10-04T15:17:41: 
2025-10-04T15:17:41: vite v7.1.4 building for production...
2025-10-04T15:17:41: transforming...
2025-10-04T15:17:42: ✓ 49 modules transformed.
2025-10-04T15:17:42: rendering chunks...
2025-10-04T15:17:42: computing gzip size...
2025-10-04T15:17:42: dist/client/index.html                   0.46 kB │ gzip:   0.31 kB
2025-10-04T15:17:42: dist/client/assets/index-DhS5VDqF.css   16.37 kB │ gzip:   3.95 kB
2025-10-04T15:17:42: dist/client/assets/index-UjPkGKlN.js   407.20 kB │ gzip: 123.44 kB
2025-10-04T15:17:42: ✓ built in 646ms
2025-10-04T15:17:42: vite v7.1.4 building SSR bundle for production...
2025-10-04T15:17:42: transforming...
2025-10-04T15:17:42: "default" is imported from external module "react" but never used in "src/pages/Home.jsx", "src/pages/Contact.jsx", "src/pages/About.jsx", "src/pages/404.jsx", "src/routes.jsx", "src/components/ui/button.jsx", "src/App.jsx" and "src/entry-server.jsx".
2025-10-04T15:17:42: ✓ 10 modules transformed.
2025-10-04T15:17:42: rendering chunks...
2025-10-04T15:17:42: dist/server/entry-server.js  8.64 kB
2025-10-04T15:17:42: ✓ built in 156ms
2025-10-04T15:17:42: [1m[34mUse --update-env to update environment variables[39m[22m
2025-10-04T15:17:42: [32m[PM2] [39mApplying action restartProcessId on app [all](ids: [ 0 ])
2025-10-04T15:17:43: 
2025-10-04T15:17:43: > judt-node-template@0.1.0 dev:server
2025-10-04T15:17:43: > npm run build && npm run dev
2025-10-04T15:17:43: 
2025-10-04T15:17:43: 
2025-10-04T15:17:43: > judt-node-template@0.1.0 build
2025-10-04T15:17:43: > vite build && BUILD_SSR=true vite build && pm2 restart all
2025-10-04T15:17:43: 
2025-10-04T15:17:43: vite v7.1.4 building for production...
2025-10-04T15:17:43: transforming...
2025-10-04T15:17:44: ✓ 49 modules transformed.
2025-10-04T15:17:44: rendering chunks...
2025-10-04T15:17:44: computing gzip size...
2025-10-04T15:17:44: dist/client/index.html                   0.46 kB │ gzip:   0.31 kB
2025-10-04T15:17:44: dist/client/assets/index-DhS5VDqF.css   16.37 kB │ gzip:   3.95 kB
2025-10-04T15:17:44: dist/client/assets/index-UjPkGKlN.js   407.20 kB │ gzip: 123.44 kB
2025-10-04T15:17:44: ✓ built in 670ms
2025-10-04T15:17:44: vite v7.1.4 building SSR bundle for production...
2025-10-04T15:17:44: transforming...
2025-10-04T15:17:44: "default" is imported from external module "react" but never used in "src/pages/Contact.jsx", "src/pages/About.jsx", "src/pages/Home.jsx", "src/pages/404.jsx", "src/routes.jsx", "src/components/ui/button.jsx", "src/App.jsx" and "src/entry-server.jsx".
2025-10-04T15:17:44: ✓ 10 modules transformed.
2025-10-04T15:17:44: rendering chunks...
2025-10-04T15:17:44: dist/server/entry-server.js  8.64 kB
2025-10-04T15:17:44: ✓ built in 145ms
2025-10-04T15:17:45: [1m[34mUse --update-env to update environment variables[39m[22m
2025-10-04T15:17:45: [32m[PM2] [39mApplying action restartProcessId on app [all](ids: [ 0 ])
2025-10-04T15:17:45: 
2025-10-04T15:17:45: > judt-node-template@0.1.0 dev:server
2025-10-04T15:17:45: > npm run build && npm run dev
2025-10-04T15:17:45: 
2025-10-04T15:17:45: 
2025-10-04T15:17:45: > judt-node-template@0.1.0 build
2025-10-04T15:17:45: > vite build && BUILD_SSR=true vite build && pm2 restart all
2025-10-04T15:17:45: 
2025-10-04T15:17:46: vite v7.1.4 building for production...
2025-10-04T15:17:46: transforming...
2025-10-04T15:17:46: ✓ 49 modules transformed.
2025-10-04T15:17:46: rendering chunks...
2025-10-04T15:17:46: computing gzip size...
2025-10-04T15:17:46: dist/client/index.html                   0.46 kB │ gzip:   0.31 kB
2025-10-04T15:17:46: dist/client/assets/index-DhS5VDqF.css   16.37 kB │ gzip:   3.95 kB
2025-10-04T15:17:46: dist/client/assets/index-UjPkGKlN.js   407.20 kB │ gzip: 123.44 kB
2025-10-04T15:17:46: ✓ built in 644ms
2025-10-04T15:17:46: vite v7.1.4 building SSR bundle for production...
2025-10-04T15:17:47: transforming...
2025-10-04T15:17:47: "default" is imported from external module "react" but never used in "src/pages/Home.jsx", "src/pages/About.jsx", "src/pages/Contact.jsx", "src/pages/404.jsx", "src/routes.jsx", "src/components/ui/button.jsx", "src/App.jsx" and "src/entry-server.jsx".
2025-10-04T15:17:47: ✓ 10 modules transformed.
2025-10-04T15:17:47: rendering chunks...
2025-10-04T15:17:47: dist/server/entry-server.js  8.64 kB
2025-10-04T15:17:47: ✓ built in 142ms
2025-10-04T15:17:47: [1m[34mUse --update-env to update environment variables[39m[22m
2025-10-04T15:17:47: [32m[PM2] [39mApplying action restartProcessId on app [all](ids: [ 0 ])
2025-10-04T15:17:47: 
2025-10-04T15:17:47: > judt-node-template@0.1.0 dev:server
2025-10-04T15:17:47: > npm run build && npm run dev
2025-10-04T15:17:47: 
2025-10-04T15:17:47: 
2025-10-04T15:17:47: > judt-node-template@0.1.0 build
2025-10-04T15:17:47: > vite build && BUILD_SSR=true vite build && pm2 restart all
2025-10-04T15:17:47: 
2025-10-04T15:17:48: vite v7.1.4 building for production...
2025-10-04T15:17:48: transforming...
2025-10-04T15:17:48: ✓ 49 modules transformed.
2025-10-04T15:17:48: rendering chunks...
2025-10-04T15:17:48: computing gzip size...
2025-10-04T15:17:48: dist/client/index.html                   0.46 kB │ gzip:   0.31 kB
2025-10-04T15:17:48: dist/client/assets/index-DhS5VDqF.css   16.37 kB │ gzip:   3.95 kB
2025-10-04T15:17:48: dist/client/assets/index-UjPkGKlN.js   407.20 kB │ gzip: 123.44 kB
2025-10-04T15:17:48: ✓ built in 648ms
2025-10-04T15:17:49: vite v7.1.4 building SSR bundle for production...
2025-10-04T15:17:49: transforming...
2025-10-04T15:17:49: "default" is imported from external module "react" but never used in "src/pages/About.jsx", "src/pages/Home.jsx", "src/pages/404.jsx", "src/pages/Contact.jsx", "src/routes.jsx", "src/components/ui/button.jsx", "src/App.jsx" and "src/entry-server.jsx".
2025-10-04T15:17:49: ✓ 10 modules transformed.
2025-10-04T15:17:49: rendering chunks...
2025-10-04T15:17:49: dist/server/entry-server.js  8.64 kB
2025-10-04T15:17:49: ✓ built in 139ms
2025-10-04T15:17:49: [1m[34mUse --update-env to update environment variables[39m[22m
2025-10-04T15:17:49: [32m[PM2] [39mApplying action restartProcessId on app [all](ids: [ 0 ])
2025-10-04T15:17:49: 
2025-10-04T15:17:49: > judt-node-template@0.1.0 dev:server
2025-10-04T15:17:49: > npm run build && npm run dev
2025-10-04T15:17:49: 
2025-10-04T15:17:50: 
2025-10-04T15:17:50: > judt-node-template@0.1.0 build
2025-10-04T15:17:50: > vite build && BUILD_SSR=true vite build && pm2 restart all
2025-10-04T15:17:50: 
2025-10-04T15:17:50: vite v7.1.4 building for production...
2025-10-04T15:17:50: transforming...
2025-10-04T15:17:50: ✓ 49 modules transformed.
2025-10-04T15:17:50: rendering chunks...
2025-10-04T15:17:50: computing gzip size...
2025-10-04T15:17:50: dist/client/index.html                   0.46 kB │ gzip:   0.31 kB
2025-10-04T15:17:50: dist/client/assets/index-DhS5VDqF.css   16.37 kB │ gzip:   3.95 kB
2025-10-04T15:17:50: dist/client/assets/index-UjPkGKlN.js   407.20 kB │ gzip: 123.44 kB
2025-10-04T15:17:50: ✓ built in 619ms
2025-10-04T15:17:51: vite v7.1.4 building SSR bundle for production...
2025-10-04T15:17:51: transforming...
2025-10-04T15:17:51: "default" is imported from external module "react" but never used in "src/pages/Home.jsx", "src/pages/Contact.jsx", "src/pages/About.jsx", "src/pages/404.jsx", "src/routes.jsx", "src/components/ui/button.jsx", "src/App.jsx" and "src/entry-server.jsx".
2025-10-04T15:17:51: ✓ 10 modules transformed.
2025-10-04T15:17:51: rendering chunks...
2025-10-04T15:17:51: dist/server/entry-server.js  8.64 kB
2025-10-04T15:17:51: ✓ built in 138ms
2025-10-04T15:17:51: [1m[34mUse --update-env to update environment variables[39m[22m
2025-10-04T15:17:51: [32m[PM2] [39mApplying action restartProcessId on app [all](ids: [ 0 ])
2025-10-04T15:17:51: 
2025-10-04T15:17:51: > judt-node-template@0.1.0 dev:server
2025-10-04T15:17:51: > npm run build && npm run dev
2025-10-04T15:17:51: 
2025-10-04T15:17:52: 
2025-10-04T15:17:52: > judt-node-template@0.1.0 build
2025-10-04T15:17:52: > vite build && BUILD_SSR=true vite build && pm2 restart all
2025-10-04T15:17:52: 
2025-10-04T15:17:52: vite v7.1.4 building for production...
2025-10-04T15:17:52: transforming...
2025-10-04T15:17:52: ✓ 49 modules transformed.
2025-10-04T15:17:53: rendering chunks...
2025-10-04T15:17:53: computing gzip size...
2025-10-04T15:17:53: dist/client/index.html                   0.46 kB │ gzip:   0.31 kB
2025-10-04T15:17:53: dist/client/assets/index-DhS5VDqF.css   16.37 kB │ gzip:   3.95 kB
2025-10-04T15:17:53: dist/client/assets/index-UjPkGKlN.js   407.20 kB │ gzip: 123.44 kB
2025-10-04T15:17:53: ✓ built in 624ms
2025-10-04T15:17:53: vite v7.1.4 building SSR bundle for production...
2025-10-04T15:17:53: transforming...
2025-10-04T15:17:53: "default" is imported from external module "react" but never used in "src/pages/Home.jsx", "src/pages/About.jsx", "src/pages/Contact.jsx", "src/pages/404.jsx", "src/routes.jsx", "src/components/ui/button.jsx", "src/App.jsx" and "src/entry-server.jsx".
2025-10-04T15:17:53: ✓ 10 modules transformed.
2025-10-04T15:17:53: rendering chunks...
2025-10-04T15:17:53: dist/server/entry-server.js  8.64 kB
2025-10-04T15:17:53: ✓ built in 140ms
2025-10-04T15:17:53: [1m[34mUse --update-env to update environment variables[39m[22m
2025-10-04T15:17:53: [32m[PM2] [39mApplying action restartProcessId on app [all](ids: [ 0 ])
2025-10-04T15:17:54: 
2025-10-04T15:17:54: > judt-node-template@0.1.0 dev:server
2025-10-04T15:17:54: > npm run build && npm run dev
2025-10-04T15:17:54: 
2025-10-04T15:17:54: 
2025-10-04T15:17:54: > judt-node-template@0.1.0 build
2025-10-04T15:17:54: > vite build && BUILD_SSR=true vite build && pm2 restart all
2025-10-04T15:17:54: 
2025-10-04T15:17:54: vite v7.1.4 building for production...
2025-10-04T15:17:54: transforming...
2025-10-04T15:17:55: ✓ 49 modules transformed.
2025-10-04T15:17:55: rendering chunks...
2025-10-04T15:17:55: computing gzip size...
2025-10-04T15:17:55: dist/client/index.html                   0.46 kB │ gzip:   0.31 kB
2025-10-04T15:17:55: dist/client/assets/index-DhS5VDqF.css   16.37 kB │ gzip:   3.95 kB
2025-10-04T15:17:55: dist/client/assets/index-UjPkGKlN.js   407.20 kB │ gzip: 123.44 kB
2025-10-04T15:17:55: ✓ built in 618ms
2025-10-04T15:17:55: vite v7.1.4 building SSR bundle for production...
2025-10-04T15:17:55: transforming...
2025-10-04T15:17:55: "default" is imported from external module "react" but never used in "src/pages/Contact.jsx", "src/pages/404.jsx", "src/pages/Home.jsx", "src/pages/About.jsx", "src/routes.jsx", "src/components/ui/button.jsx", "src/App.jsx" and "src/entry-server.jsx".
2025-10-04T15:17:55: ✓ 10 modules transformed.
2025-10-04T15:17:55: rendering chunks...
2025-10-04T15:17:55: dist/server/entry-server.js  8.64 kB
2025-10-04T15:17:55: ✓ built in 138ms
2025-10-04T15:17:55: [1m[34mUse --update-env to update environment variables[39m[22m
2025-10-04T15:17:55: [32m[PM2] [39mApplying action restartProcessId on app [all](ids: [ 0 ])
2025-10-04T15:17:56: 
2025-10-04T15:17:56: > judt-node-template@0.1.0 dev:server
2025-10-04T15:17:56: > npm run build && npm run dev
2025-10-04T15:17:56: 
2025-10-04T15:17:56: 
2025-10-04T15:17:56: > judt-node-template@0.1.0 build
2025-10-04T15:17:56: > vite build && BUILD_SSR=true vite build && pm2 restart all
2025-10-04T15:17:56: 
2025-10-04T15:17:56: vite v7.1.4 building for production...
2025-10-04T15:17:56: transforming...
2025-10-04T15:17:57: ✓ 49 modules transformed.
2025-10-04T15:17:57: rendering chunks...
2025-10-04T15:17:57: computing gzip size...
2025-10-04T15:17:57: dist/client/index.html                   0.46 kB │ gzip:   0.31 kB
2025-10-04T15:17:57: dist/client/assets/index-DhS5VDqF.css   16.37 kB │ gzip:   3.95 kB
2025-10-04T15:17:57: dist/client/assets/index-UjPkGKlN.js   407.20 kB │ gzip: 123.44 kB
2025-10-04T15:17:57: ✓ built in 631ms
2025-10-04T15:17:57: vite v7.1.4 building SSR bundle for production...
2025-10-04T15:17:57: transforming...
2025-10-04T15:17:57: "default" is imported from external module "react" but never used in "src/pages/About.jsx", "src/pages/Home.jsx", "src/pages/404.jsx", "src/pages/Contact.jsx", "src/routes.jsx", "src/components/ui/button.jsx", "src/App.jsx" and "src/entry-server.jsx".
2025-10-04T15:17:57: ✓ 10 modules transformed.
2025-10-04T15:17:57: rendering chunks...
2025-10-04T15:17:57: dist/server/entry-server.js  8.64 kB
2025-10-04T15:17:57: ✓ built in 143ms
2025-10-04T15:17:57: [1m[34mUse --update-env to update environment variables[39m[22m
2025-10-04T15:17:57: [32m[PM2] [39mApplying action restartProcessId on app [all](ids: [ 0 ])
2025-10-04T15:17:58: 
2025-10-04T15:17:58: > judt-node-template@0.1.0 dev:server
2025-10-04T15:17:58: > npm run build && npm run dev
2025-10-04T15:17:58: 
2025-10-04T15:17:58: 
2025-10-04T15:17:58: > judt-node-template@0.1.0 build
2025-10-04T15:17:58: > vite build && BUILD_SSR=true vite build && pm2 restart all
2025-10-04T15:17:58: 
2025-10-04T15:17:58: vite v7.1.4 building for production...
2025-10-04T15:17:58: transforming...
2025-10-04T15:17:59: ✓ 49 modules transformed.
2025-10-04T15:17:59: rendering chunks...
2025-10-04T15:17:59: computing gzip size...
2025-10-04T15:17:59: dist/client/index.html                   0.46 kB │ gzip:   0.31 kB
2025-10-04T15:17:59: dist/client/assets/index-DhS5VDqF.css   16.37 kB │ gzip:   3.95 kB
2025-10-04T15:17:59: dist/client/assets/index-UjPkGKlN.js   407.20 kB │ gzip: 123.44 kB
2025-10-04T15:17:59: ✓ built in 741ms
2025-10-04T15:17:59: vite v7.1.4 building SSR bundle for production...
2025-10-04T15:17:59: transforming...
2025-10-04T15:17:59: "default" is imported from external module "react" but never used in "src/pages/Home.jsx", "src/pages/About.jsx", "src/pages/Contact.jsx", "src/pages/404.jsx", "src/routes.jsx", "src/components/ui/button.jsx", "src/App.jsx" and "src/entry-server.jsx".
2025-10-04T15:17:59: ✓ 10 modules transformed.
2025-10-04T15:17:59: rendering chunks...
2025-10-04T15:17:59: dist/server/entry-server.js  8.64 kB
2025-10-04T15:17:59: ✓ built in 137ms
2025-10-04T15:17:59: [1m[34mUse --update-env to update environment variables[39m[22m
2025-10-04T15:17:59: [32m[PM2] [39mApplying action restartProcessId on app [all](ids: [ 0 ])
2025-10-04T15:18:00: 
2025-10-04T15:18:00: > judt-node-template@0.1.0 dev:server
2025-10-04T15:18:00: > npm run build && npm run dev
2025-10-04T15:18:00: 
2025-10-04T15:18:00: 
2025-10-04T15:18:00: > judt-node-template@0.1.0 build
2025-10-04T15:18:00: > vite build && BUILD_SSR=true vite build && pm2 restart all
2025-10-04T15:18:00: 
2025-10-04T15:18:00: vite v7.1.4 building for production...
2025-10-04T15:18:01: transforming...
2025-10-04T15:18:01: ✓ 49 modules transformed.
2025-10-04T15:18:01: rendering chunks...
2025-10-04T15:18:01: computing gzip size...
2025-10-04T15:18:01: dist/client/index.html                   0.46 kB │ gzip:   0.31 kB
2025-10-04T15:18:01: dist/client/assets/index-DhS5VDqF.css   16.37 kB │ gzip:   3.95 kB
2025-10-04T15:18:01: dist/client/assets/index-UjPkGKlN.js   407.20 kB │ gzip: 123.44 kB
2025-10-04T15:18:01: ✓ built in 664ms
2025-10-04T15:18:01: vite v7.1.4 building SSR bundle for production...
2025-10-04T15:18:01: transforming...
2025-10-04T15:18:01: "default" is imported from external module "react" but never used in "src/pages/Home.jsx", "src/pages/About.jsx", "src/pages/Contact.jsx", "src/pages/404.jsx", "src/routes.jsx", "src/components/ui/button.jsx", "src/App.jsx" and "src/entry-server.jsx".
2025-10-04T15:18:01: ✓ 10 modules transformed.
2025-10-04T15:18:02: rendering chunks...
2025-10-04T15:18:02: dist/server/entry-server.js  8.64 kB
2025-10-04T15:18:02: ✓ built in 150ms
2025-10-04T15:18:02: [1m[34mUse --update-env to update environment variables[39m[22m
2025-10-04T15:18:02: [32m[PM2] [39mApplying action restartProcessId on app [all](ids: [ 0 ])
2025-10-04T15:18:02: 
2025-10-04T15:18:02: > judt-node-template@0.1.0 dev:server
2025-10-04T15:18:02: > npm run build && npm run dev
2025-10-04T15:18:02: 
2025-10-04T15:18:02: 
2025-10-04T15:18:02: > judt-node-template@0.1.0 build
2025-10-04T15:18:02: > vite build && BUILD_SSR=true vite build && pm2 restart all
2025-10-04T15:18:02: 
2025-10-04T15:18:03: vite v7.1.4 building for production...
2025-10-04T15:18:03: transforming...
2025-10-04T15:18:03: ✓ 49 modules transformed.
2025-10-04T15:18:03: rendering chunks...
2025-10-04T15:18:03: computing gzip size...
2025-10-04T15:18:03: dist/client/index.html                   0.46 kB │ gzip:   0.31 kB
2025-10-04T15:18:03: dist/client/assets/index-DhS5VDqF.css   16.37 kB │ gzip:   3.95 kB
2025-10-04T15:18:03: dist/client/assets/index-UjPkGKlN.js   407.20 kB │ gzip: 123.44 kB
2025-10-04T15:18:03: ✓ built in 662ms
2025-10-04T15:18:04: vite v7.1.4 building SSR bundle for production...
2025-10-04T15:18:04: transforming...
2025-10-04T15:18:04: "default" is imported from external module "react" but never used in "src/pages/Contact.jsx", "src/pages/Home.jsx", "src/pages/About.jsx", "src/pages/404.jsx", "src/routes.jsx", "src/components/ui/button.jsx", "src/App.jsx" and "src/entry-server.jsx".
2025-10-04T15:18:04: ✓ 10 modules transformed.
2025-10-04T15:18:04: rendering chunks...
2025-10-04T15:18:04: dist/server/entry-server.js  8.64 kB
2025-10-04T15:18:04: ✓ built in 157ms
2025-10-04T15:18:04: [1m[34mUse --update-env to update environment variables[39m[22m
2025-10-04T15:18:04: [32m[PM2] [39mApplying action restartProcessId on app [all](ids: [ 0 ])
2025-10-04T15:18:04: 
2025-10-04T15:18:04: > judt-node-template@0.1.0 dev:server
2025-10-04T15:18:04: > npm run build && npm run dev
2025-10-04T15:18:04: 
2025-10-04T15:18:04: 
2025-10-04T15:18:04: > judt-node-template@0.1.0 build
2025-10-04T15:18:04: > vite build && BUILD_SSR=true vite build && pm2 restart all
2025-10-04T15:18:04: 
2025-10-04T15:18:05: vite v7.1.4 building for production...
2025-10-04T15:18:05: transforming...
2025-10-04T15:18:05: ✓ 49 modules transformed.
2025-10-04T15:18:05: rendering chunks...
2025-10-04T15:18:05: computing gzip size...
2025-10-04T15:18:05: dist/client/index.html                   0.46 kB │ gzip:   0.31 kB
2025-10-04T15:18:05: dist/client/assets/index-DhS5VDqF.css   16.37 kB │ gzip:   3.95 kB
2025-10-04T15:18:05: dist/client/assets/index-UjPkGKlN.js   407.20 kB │ gzip: 123.44 kB
2025-10-04T15:18:05: ✓ built in 642ms
2025-10-04T15:18:06: vite v7.1.4 building SSR bundle for production...
2025-10-04T15:18:06: transforming...
2025-10-04T15:18:06: "default" is imported from external module "react" but never used in "src/pages/About.jsx", "src/pages/Home.jsx", "src/pages/404.jsx", "src/pages/Contact.jsx", "src/routes.jsx", "src/components/ui/button.jsx", "src/App.jsx" and "src/entry-server.jsx".
2025-10-04T15:18:06: ✓ 10 modules transformed.
2025-10-04T15:18:06: rendering chunks...
2025-10-04T15:18:06: dist/server/entry-server.js  8.64 kB
2025-10-04T15:18:06: ✓ built in 140ms
2025-10-04T15:18:06: [1m[34mUse --update-env to update environment variables[39m[22m
2025-10-04T15:18:06: [32m[PM2] [39mApplying action restartProcessId on app [all](ids: [ 0 ])
2025-10-04T15:18:06: 
2025-10-04T15:18:06: > judt-node-template@0.1.0 dev:server
2025-10-04T15:18:06: > npm run build && npm run dev
2025-10-04T15:18:06: 
2025-10-04T15:18:07: 
2025-10-04T15:18:07: > judt-node-template@0.1.0 build
2025-10-04T15:18:07: > vite build && BUILD_SSR=true vite build && pm2 restart all
2025-10-04T15:18:07: 
2025-10-04T15:18:07: vite v7.1.4 building for production...
2025-10-04T15:18:07: transforming...
2025-10-04T15:18:07: ✓ 49 modules transformed.
2025-10-04T15:18:08: rendering chunks...
2025-10-04T15:18:08: computing gzip size...
2025-10-04T15:18:08: dist/client/index.html                   0.46 kB │ gzip:   0.31 kB
2025-10-04T15:18:08: dist/client/assets/index-DhS5VDqF.css   16.37 kB │ gzip:   3.95 kB
2025-10-04T15:18:08: dist/client/assets/index-UjPkGKlN.js   407.20 kB │ gzip: 123.44 kB
2025-10-04T15:18:08: ✓ built in 630ms
2025-10-04T15:18:08: vite v7.1.4 building SSR bundle for production...
2025-10-04T15:18:08: transforming...
2025-10-04T15:18:08: "default" is imported from external module "react" but never used in "src/pages/Home.jsx", "src/pages/About.jsx", "src/pages/Contact.jsx", "src/pages/404.jsx", "src/routes.jsx", "src/components/ui/button.jsx", "src/App.jsx" and "src/entry-server.jsx".
2025-10-04T15:18:08: ✓ 10 modules transformed.
2025-10-04T15:18:08: rendering chunks...
2025-10-04T15:18:08: dist/server/entry-server.js  8.64 kB
2025-10-04T15:18:08: ✓ built in 144ms
2025-10-04T15:18:08: [1m[34mUse --update-env to update environment variables[39m[22m
2025-10-04T15:18:08: [32m[PM2] [39mApplying action restartProcessId on app [all](ids: [ 0 ])
2025-10-04T15:18:09: 
2025-10-04T15:18:09: > judt-node-template@0.1.0 dev:server
2025-10-04T15:18:09: > npm run build && npm run dev
2025-10-04T15:18:09: 
2025-10-04T15:18:09: 
2025-10-04T15:18:09: > judt-node-template@0.1.0 build
2025-10-04T15:18:09: > vite build && BUILD_SSR=true vite build && pm2 restart all
2025-10-04T15:18:09: 
2025-10-04T15:18:09: vite v7.1.4 building for production...
2025-10-04T15:18:09: transforming...
2025-10-04T15:18:10: ✓ 49 modules transformed.
2025-10-04T15:18:10: rendering chunks...
2025-10-04T15:18:10: computing gzip size...
2025-10-04T15:18:10: dist/client/index.html                   0.46 kB │ gzip:   0.31 kB
2025-10-04T15:18:10: dist/client/assets/index-DhS5VDqF.css   16.37 kB │ gzip:   3.95 kB
2025-10-04T15:18:10: dist/client/assets/index-UjPkGKlN.js   407.20 kB │ gzip: 123.44 kB
2025-10-04T15:18:10: ✓ built in 622ms
2025-10-04T15:18:10: vite v7.1.4 building SSR bundle for production...
2025-10-04T15:18:10: transforming...
2025-10-04T15:18:10: "default" is imported from external module "react" but never used in "src/pages/About.jsx", "src/pages/Home.jsx", "src/pages/404.jsx", "src/pages/Contact.jsx", "src/routes.jsx", "src/components/ui/button.jsx", "src/App.jsx" and "src/entry-server.jsx".
2025-10-04T15:18:10: ✓ 10 modules transformed.
2025-10-04T15:18:10: rendering chunks...
2025-10-04T15:18:10: dist/server/entry-server.js  8.64 kB
2025-10-04T15:18:10: ✓ built in 138ms
2025-10-04T15:18:10: [1m[34mUse --update-env to update environment variables[39m[22m
2025-10-04T15:18:10: [32m[PM2] [39mApplying action restartProcessId on app [all](ids: [ 0 ])
2025-10-04T15:18:11: 
2025-10-04T15:18:11: > judt-node-template@0.1.0 dev:server
2025-10-04T15:18:11: > npm run build && npm run dev
2025-10-04T15:18:11: 
2025-10-04T15:18:11: 
2025-10-04T15:18:11: > judt-node-template@0.1.0 build
2025-10-04T15:18:11: > vite build && BUILD_SSR=true vite build && pm2 restart all
2025-10-04T15:18:11: 
2025-10-04T15:18:11: vite v7.1.4 building for production...
2025-10-04T15:18:11: transforming...
2025-10-04T15:18:12: ✓ 49 modules transformed.
2025-10-04T15:18:12: rendering chunks...
2025-10-04T15:18:12: computing gzip size...
2025-10-04T15:18:12: dist/client/index.html                   0.46 kB │ gzip:   0.31 kB
2025-10-04T15:18:12: dist/client/assets/index-DhS5VDqF.css   16.37 kB │ gzip:   3.95 kB
2025-10-04T15:18:12: dist/client/assets/index-UjPkGKlN.js   407.20 kB │ gzip: 123.44 kB
2025-10-04T15:18:12: ✓ built in 652ms
2025-10-04T15:18:12: vite v7.1.4 building SSR bundle for production...
2025-10-04T15:18:12: transforming...
2025-10-04T15:18:12: "default" is imported from external module "react" but never used in "src/pages/Contact.jsx", "src/pages/Home.jsx", "src/pages/404.jsx", "src/pages/About.jsx", "src/routes.jsx", "src/components/ui/button.jsx", "src/App.jsx" and "src/entry-server.jsx".
2025-10-04T15:18:12: ✓ 10 modules transformed.
2025-10-04T15:18:12: rendering chunks...
2025-10-04T15:18:12: dist/server/entry-server.js  8.64 kB
2025-10-04T15:18:12: ✓ built in 143ms
2025-10-04T15:18:12: [1m[34mUse --update-env to update environment variables[39m[22m
2025-10-04T15:18:12: [32m[PM2] [39mApplying action restartProcessId on app [all](ids: [ 0 ])
2025-10-04T15:18:13: 
2025-10-04T15:18:13: > judt-node-template@0.1.0 dev:server
2025-10-04T15:18:13: > npm run build && npm run dev
2025-10-04T15:18:13: 
2025-10-04T15:18:13: 
2025-10-04T15:18:13: > judt-node-template@0.1.0 build
2025-10-04T15:18:13: > vite build && BUILD_SSR=true vite build && pm2 restart all
2025-10-04T15:18:13: 
2025-10-04T15:18:13: vite v7.1.4 building for production...
2025-10-04T15:18:13: transforming...
2025-10-04T15:18:14: ✓ 49 modules transformed.
2025-10-04T15:18:14: rendering chunks...
2025-10-04T15:18:14: computing gzip size...
2025-10-04T15:18:14: dist/client/index.html                   0.46 kB │ gzip:   0.31 kB
2025-10-04T15:18:14: dist/client/assets/index-DhS5VDqF.css   16.37 kB │ gzip:   3.95 kB
2025-10-04T15:18:14: dist/client/assets/index-UjPkGKlN.js   407.20 kB │ gzip: 123.44 kB
2025-10-04T15:18:14: ✓ built in 614ms
2025-10-04T15:18:14: vite v7.1.4 building SSR bundle for production...
2025-10-04T15:18:14: transforming...
2025-10-04T15:18:14: "default" is imported from external module "react" but never used in "src/pages/About.jsx", "src/pages/Home.jsx", "src/pages/404.jsx", "src/pages/Contact.jsx", "src/routes.jsx", "src/components/ui/button.jsx", "src/App.jsx" and "src/entry-server.jsx".
2025-10-04T15:18:14: ✓ 10 modules transformed.
2025-10-04T15:18:14: rendering chunks...
2025-10-04T15:18:14: dist/server/entry-server.js  8.64 kB
2025-10-04T15:18:14: ✓ built in 138ms
2025-10-04T15:18:14: [1m[34mUse --update-env to update environment variables[39m[22m
2025-10-04T15:18:14: [32m[PM2] [39mApplying action restartProcessId on app [all](ids: [ 0 ])
2025-10-04T15:18:15: 
2025-10-04T15:18:15: > judt-node-template@0.1.0 dev:server
2025-10-04T15:18:15: > npm run build && npm run dev
2025-10-04T15:18:15: 
2025-10-04T15:18:15: 
2025-10-04T15:18:15: > judt-node-template@0.1.0 build
2025-10-04T15:18:15: > vite build && BUILD_SSR=true vite build && pm2 restart all
2025-10-04T15:18:15: 
2025-10-04T15:18:15: vite v7.1.4 building for production...
2025-10-04T15:18:15: transforming...
2025-10-04T15:18:16: ✓ 49 modules transformed.
2025-10-04T15:18:16: rendering chunks...
2025-10-04T15:18:16: computing gzip size...
2025-10-04T15:18:16: dist/client/index.html                   0.46 kB │ gzip:   0.31 kB
2025-10-04T15:18:16: dist/client/assets/index-DhS5VDqF.css   16.37 kB │ gzip:   3.95 kB
2025-10-04T15:18:16: dist/client/assets/index-UjPkGKlN.js   407.20 kB │ gzip: 123.44 kB
2025-10-04T15:18:16: ✓ built in 614ms
2025-10-04T15:18:16: vite v7.1.4 building SSR bundle for production...
2025-10-04T15:18:16: transforming...
2025-10-04T15:18:16: "default" is imported from external module "react" but never used in "src/pages/Contact.jsx", "src/pages/404.jsx", "src/pages/Home.jsx", "src/pages/About.jsx", "src/routes.jsx", "src/components/ui/button.jsx", "src/App.jsx" and "src/entry-server.jsx".
2025-10-04T15:18:16: ✓ 10 modules transformed.
2025-10-04T15:18:16: rendering chunks...
2025-10-04T15:18:16: dist/server/entry-server.js  8.64 kB
2025-10-04T15:18:16: ✓ built in 142ms
2025-10-04T15:18:16: [1m[34mUse --update-env to update environment variables[39m[22m
2025-10-04T15:18:16: [32m[PM2] [39mApplying action restartProcessId on app [all](ids: [ 0 ])
2025-10-04T15:18:17: 
2025-10-04T15:18:17: > judt-node-template@0.1.0 dev:server
2025-10-04T15:18:17: > npm run build && npm run dev
2025-10-04T15:18:17: 
2025-10-04T15:18:17: 
2025-10-04T15:18:17: > judt-node-template@0.1.0 build
2025-10-04T15:18:17: > vite build && BUILD_SSR=true vite build && pm2 restart all
2025-10-04T15:18:17: 
2025-10-04T15:18:17: vite v7.1.4 building for production...
2025-10-04T15:18:17: transforming...
2025-10-04T15:18:18: ✓ 49 modules transformed.
2025-10-04T15:18:18: rendering chunks...
2025-10-04T15:18:18: computing gzip size...
2025-10-04T15:18:18: dist/client/index.html                   0.46 kB │ gzip:   0.31 kB
2025-10-04T15:18:18: dist/client/assets/index-DhS5VDqF.css   16.37 kB │ gzip:   3.95 kB
2025-10-04T15:18:18: dist/client/assets/index-UjPkGKlN.js   407.20 kB │ gzip: 123.44 kB
2025-10-04T15:18:18: ✓ built in 618ms
2025-10-04T15:18:18: vite v7.1.4 building SSR bundle for production...
2025-10-04T15:18:18: transforming...
2025-10-04T15:18:18: "default" is imported from external module "react" but never used in "src/pages/About.jsx", "src/pages/Contact.jsx", "src/pages/404.jsx", "src/pages/Home.jsx", "src/routes.jsx", "src/components/ui/button.jsx", "src/App.jsx" and "src/entry-server.jsx".
2025-10-04T15:18:18: ✓ 10 modules transformed.
2025-10-04T15:18:18: rendering chunks...
2025-10-04T15:18:18: dist/server/entry-server.js  8.64 kB
2025-10-04T15:18:18: ✓ built in 140ms
2025-10-04T15:18:18: [1m[34mUse --update-env to update environment variables[39m[22m
2025-10-04T15:18:18: [32m[PM2] [39mApplying action restartProcessId on app [all](ids: [ 0 ])
2025-10-04T15:18:19: 
2025-10-04T15:18:19: > judt-node-template@0.1.0 dev:server
2025-10-04T15:18:19: > npm run build && npm run dev
2025-10-04T15:18:19: 
2025-10-04T15:18:19: 
2025-10-04T15:18:19: > judt-node-template@0.1.0 build
2025-10-04T15:18:19: > vite build && BUILD_SSR=true vite build && pm2 restart all
2025-10-04T15:18:19: 
2025-10-04T15:18:19: vite v7.1.4 building for production...
2025-10-04T15:18:19: transforming...
2025-10-04T15:18:20: ✓ 49 modules transformed.
2025-10-04T15:18:20: rendering chunks...
2025-10-04T15:18:20: computing gzip size...
2025-10-04T15:18:20: dist/client/index.html                   0.46 kB │ gzip:   0.31 kB
2025-10-04T15:18:20: dist/client/assets/index-DhS5VDqF.css   16.37 kB │ gzip:   3.95 kB
2025-10-04T15:18:20: dist/client/assets/index-UjPkGKlN.js   407.20 kB │ gzip: 123.44 kB
2025-10-04T15:18:20: ✓ built in 622ms
2025-10-04T15:18:20: vite v7.1.4 building SSR bundle for production...
2025-10-04T15:18:20: transforming...
2025-10-04T15:18:20: "default" is imported from external module "react" but never used in "src/pages/Contact.jsx", "src/pages/About.jsx", "src/pages/Home.jsx", "src/pages/404.jsx", "src/routes.jsx", "src/components/ui/button.jsx", "src/App.jsx" and "src/entry-server.jsx".
2025-10-04T15:18:20: ✓ 10 modules transformed.
2025-10-04T15:18:20: rendering chunks...
2025-10-04T15:18:20: dist/server/entry-server.js  8.64 kB
2025-10-04T15:18:20: ✓ built in 167ms
2025-10-04T15:18:20: [1m[34mUse --update-env to update environment variables[39m[22m
2025-10-04T15:18:21: [32m[PM2] [39mApplying action restartProcessId on app [all](ids: [ 0 ])
2025-10-04T15:18:21: 
2025-10-04T15:18:21: > judt-node-template@0.1.0 dev:server
2025-10-04T15:18:21: > npm run build && npm run dev
2025-10-04T15:18:21: 
2025-10-04T15:18:21: 
2025-10-04T15:18:21: > judt-node-template@0.1.0 build
2025-10-04T15:18:21: > vite build && BUILD_SSR=true vite build && pm2 restart all
2025-10-04T15:18:21: 
2025-10-04T15:18:21: vite v7.1.4 building for production...
2025-10-04T15:18:22: transforming...
2025-10-04T15:18:22: ✓ 49 modules transformed.
2025-10-04T15:18:22: rendering chunks...
2025-10-04T15:18:22: computing gzip size...
2025-10-04T15:18:22: dist/client/index.html                   0.46 kB │ gzip:   0.31 kB
2025-10-04T15:18:22: dist/client/assets/index-DhS5VDqF.css   16.37 kB │ gzip:   3.95 kB
2025-10-04T15:18:22: dist/client/assets/index-UjPkGKlN.js   407.20 kB │ gzip: 123.44 kB
2025-10-04T15:18:22: ✓ built in 619ms
2025-10-04T15:18:22: vite v7.1.4 building SSR bundle for production...
2025-10-04T15:18:22: transforming...
2025-10-04T15:18:22: "default" is imported from external module "react" but never used in "src/pages/Home.jsx", "src/pages/About.jsx", "src/pages/Contact.jsx", "src/pages/404.jsx", "src/routes.jsx", "src/components/ui/button.jsx", "src/App.jsx" and "src/entry-server.jsx".
2025-10-04T15:18:22: ✓ 10 modules transformed.
2025-10-04T15:18:22: rendering chunks...
2025-10-04T15:18:22: dist/server/entry-server.js  8.64 kB
2025-10-04T15:18:22: ✓ built in 140ms
2025-10-04T15:18:22: [1m[34mUse --update-env to update environment variables[39m[22m
2025-10-04T15:18:23: [32m[PM2] [39mApplying action restartProcessId on app [all](ids: [ 0 ])
2025-10-04T15:18:23: 
2025-10-04T15:18:23: > judt-node-template@0.1.0 dev:server
2025-10-04T15:18:23: > npm run build && npm run dev
2025-10-04T15:18:23: 
2025-10-04T15:18:23: 
2025-10-04T15:18:23: > judt-node-template@0.1.0 build
2025-10-04T15:18:23: > vite build && BUILD_SSR=true vite build && pm2 restart all
2025-10-04T15:18:23: 
2025-10-04T15:18:24: vite v7.1.4 building for production...
2025-10-04T15:18:24: transforming...
2025-10-04T15:18:24: ✓ 49 modules transformed.
2025-10-04T15:18:24: rendering chunks...
2025-10-04T15:18:24: computing gzip size...
2025-10-04T15:18:24: dist/client/index.html                   0.46 kB │ gzip:   0.31 kB
2025-10-04T15:18:24: dist/client/assets/index-DhS5VDqF.css   16.37 kB │ gzip:   3.95 kB
2025-10-04T15:18:24: dist/client/assets/index-UjPkGKlN.js   407.20 kB │ gzip: 123.44 kB
2025-10-04T15:18:24: ✓ built in 611ms
2025-10-04T15:18:24: vite v7.1.4 building SSR bundle for production...
2025-10-04T15:18:24: transforming...
2025-10-04T15:18:24: "default" is imported from external module "react" but never used in "src/pages/About.jsx", "src/pages/Contact.jsx", "src/pages/Home.jsx", "src/pages/404.jsx", "src/routes.jsx", "src/components/ui/button.jsx", "src/App.jsx" and "src/entry-server.jsx".
2025-10-04T15:18:24: ✓ 10 modules transformed.
2025-10-04T15:18:24: rendering chunks...
2025-10-04T15:18:24: dist/server/entry-server.js  8.64 kB
2025-10-04T15:18:24: ✓ built in 148ms
2025-10-04T15:18:25: [1m[34mUse --update-env to update environment variables[39m[22m
2025-10-04T15:18:25: [32m[PM2] [39mApplying action restartProcessId on app [all](ids: [ 0 ])
2025-10-04T15:18:25: 
2025-10-04T15:18:25: > judt-node-template@0.1.0 dev:server
2025-10-04T15:18:25: > npm run build && npm run dev
2025-10-04T15:18:25: 
2025-10-04T15:18:25: 
2025-10-04T15:18:25: > judt-node-template@0.1.0 build
2025-10-04T15:18:25: > vite build && BUILD_SSR=true vite build && pm2 restart all
2025-10-04T15:18:25: 
2025-10-04T15:18:26: vite v7.1.4 building for production...
2025-10-04T15:18:26: transforming...
2025-10-04T15:18:26: ✓ 49 modules transformed.
2025-10-04T15:18:26: rendering chunks...
2025-10-04T15:18:26: computing gzip size...
2025-10-04T15:18:26: dist/client/index.html                   0.46 kB │ gzip:   0.31 kB
2025-10-04T15:18:26: dist/client/assets/index-DhS5VDqF.css   16.37 kB │ gzip:   3.95 kB
2025-10-04T15:18:26: dist/client/assets/index-UjPkGKlN.js   407.20 kB │ gzip: 123.44 kB
2025-10-04T15:18:26: ✓ built in 657ms
2025-10-04T15:18:26: vite v7.1.4 building SSR bundle for production...
2025-10-04T15:18:27: transforming...
2025-10-04T15:18:27: "default" is imported from external module "react" but never used in "src/pages/Home.jsx", "src/pages/About.jsx", "src/pages/Contact.jsx", "src/pages/404.jsx", "src/routes.jsx", "src/components/ui/button.jsx", "src/App.jsx" and "src/entry-server.jsx".
2025-10-04T15:18:27: ✓ 10 modules transformed.
2025-10-04T15:18:27: rendering chunks...
2025-10-04T15:18:27: dist/server/entry-server.js  8.64 kB
2025-10-04T15:18:27: ✓ built in 148ms
2025-10-04T15:18:27: [1m[34mUse --update-env to update environment variables[39m[22m
2025-10-04T15:18:27: [32m[PM2] [39mApplying action restartProcessId on app [all](ids: [ 0 ])
2025-10-04T15:18:27: 
2025-10-04T15:18:27: > judt-node-template@0.1.0 dev:server
2025-10-04T15:18:27: > npm run build && npm run dev
2025-10-04T15:18:27: 
2025-10-04T15:18:27: 
2025-10-04T15:18:27: > judt-node-template@0.1.0 build
2025-10-04T15:18:27: > vite build && BUILD_SSR=true vite build && pm2 restart all
2025-10-04T15:18:27: 
2025-10-04T15:18:28: vite v7.1.4 building for production...
2025-10-04T15:18:28: transforming...
2025-10-04T15:18:28: ✓ 49 modules transformed.
2025-10-04T15:18:28: rendering chunks...
2025-10-04T15:18:28: computing gzip size...
2025-10-04T15:18:28: dist/client/index.html                   0.46 kB │ gzip:   0.31 kB
2025-10-04T15:18:28: dist/client/assets/index-DhS5VDqF.css   16.37 kB │ gzip:   3.95 kB
2025-10-04T15:18:28: dist/client/assets/index-UjPkGKlN.js   407.20 kB │ gzip: 123.44 kB
2025-10-04T15:18:28: ✓ built in 614ms
2025-10-04T15:18:29: vite v7.1.4 building SSR bundle for production...
2025-10-04T15:18:29: transforming...
2025-10-04T15:18:29: "default" is imported from external module "react" but never used in "src/pages/404.jsx", "src/pages/Home.jsx", "src/pages/Contact.jsx", "src/pages/About.jsx", "src/routes.jsx", "src/components/ui/button.jsx", "src/App.jsx" and "src/entry-server.jsx".
2025-10-04T15:18:29: ✓ 10 modules transformed.
2025-10-04T15:18:29: rendering chunks...
2025-10-04T15:18:29: dist/server/entry-server.js  8.64 kB
2025-10-04T15:18:29: ✓ built in 138ms
2025-10-04T15:18:29: [1m[34mUse --update-env to update environment variables[39m[22m
2025-10-04T15:18:29: [32m[PM2] [39mApplying action restartProcessId on app [all](ids: [ 0 ])
2025-10-04T15:18:29: 
2025-10-04T15:18:29: > judt-node-template@0.1.0 dev:server
2025-10-04T15:18:29: > npm run build && npm run dev
2025-10-04T15:18:29: 
2025-10-04T15:18:30: 
2025-10-04T15:18:30: > judt-node-template@0.1.0 build
2025-10-04T15:18:30: > vite build && BUILD_SSR=true vite build && pm2 restart all
2025-10-04T15:18:30: 
2025-10-04T15:18:30: vite v7.1.4 building for production...
2025-10-04T15:18:30: transforming...
2025-10-04T15:18:30: ✓ 49 modules transformed.
2025-10-04T15:18:30: rendering chunks...
2025-10-04T15:18:30: computing gzip size...
2025-10-04T15:18:30: dist/client/index.html                   0.46 kB │ gzip:   0.31 kB
2025-10-04T15:18:30: dist/client/assets/index-DhS5VDqF.css   16.37 kB │ gzip:   3.95 kB
2025-10-04T15:18:30: dist/client/assets/index-UjPkGKlN.js   407.20 kB │ gzip: 123.44 kB
2025-10-04T15:18:30: ✓ built in 658ms
2025-10-04T15:18:31: vite v7.1.4 building SSR bundle for production...
2025-10-04T15:18:31: transforming...
2025-10-04T15:18:31: "default" is imported from external module "react" but never used in "src/pages/About.jsx", "src/pages/404.jsx", "src/pages/Home.jsx", "src/pages/Contact.jsx", "src/routes.jsx", "src/components/ui/button.jsx", "src/App.jsx" and "src/entry-server.jsx".
2025-10-04T15:18:31: ✓ 10 modules transformed.
2025-10-04T15:18:31: rendering chunks...
2025-10-04T15:18:31: dist/server/entry-server.js  8.64 kB
2025-10-04T15:18:31: ✓ built in 137ms
2025-10-04T15:18:31: [1m[34mUse --update-env to update environment variables[39m[22m
2025-10-04T15:18:31: [32m[PM2] [39mApplying action restartProcessId on app [all](ids: [ 0 ])
2025-10-04T15:18:31: 
2025-10-04T15:18:31: > judt-node-template@0.1.0 dev:server
2025-10-04T15:18:31: > npm run build && npm run dev
2025-10-04T15:18:31: 
2025-10-04T15:18:32: 
2025-10-04T15:18:32: > judt-node-template@0.1.0 build
2025-10-04T15:18:32: > vite build && BUILD_SSR=true vite build && pm2 restart all
2025-10-04T15:18:32: 
2025-10-04T15:18:32: vite v7.1.4 building for production...
2025-10-04T15:18:32: transforming...
2025-10-04T15:18:32: ✓ 49 modules transformed.
2025-10-04T15:18:33: rendering chunks...
2025-10-04T15:18:33: computing gzip size...
2025-10-04T15:18:33: dist/client/index.html                   0.46 kB │ gzip:   0.31 kB
2025-10-04T15:18:33: dist/client/assets/index-DhS5VDqF.css   16.37 kB │ gzip:   3.95 kB
2025-10-04T15:18:33: dist/client/assets/index-UjPkGKlN.js   407.20 kB │ gzip: 123.44 kB
2025-10-04T15:18:33: ✓ built in 611ms
2025-10-04T15:18:33: vite v7.1.4 building SSR bundle for production...
2025-10-04T15:18:33: transforming...
2025-10-04T15:18:33: "default" is imported from external module "react" but never used in "src/pages/About.jsx", "src/pages/Home.jsx", "src/pages/Contact.jsx", "src/pages/404.jsx", "src/routes.jsx", "src/components/ui/button.jsx", "src/App.jsx" and "src/entry-server.jsx".
2025-10-04T15:18:33: ✓ 10 modules transformed.
2025-10-04T15:18:33: rendering chunks...
2025-10-04T15:18:33: dist/server/entry-server.js  8.64 kB
2025-10-04T15:18:33: ✓ built in 140ms
2025-10-04T15:18:33: [1m[34mUse --update-env to update environment variables[39m[22m
2025-10-04T15:18:33: [32m[PM2] [39mApplying action restartProcessId on app [all](ids: [ 0 ])
2025-10-04T15:18:33: 
2025-10-04T15:18:33: > judt-node-template@0.1.0 dev:server
2025-10-04T15:18:33: > npm run build && npm run dev
2025-10-04T15:18:33: 
2025-10-04T15:18:34: 
2025-10-04T15:18:34: > judt-node-template@0.1.0 build
2025-10-04T15:18:34: > vite build && BUILD_SSR=true vite build && pm2 restart all
2025-10-04T15:18:34: 
2025-10-04T15:18:34: vite v7.1.4 building for production...
2025-10-04T15:18:34: transforming...
2025-10-04T15:18:34: ✓ 49 modules transformed.
2025-10-04T15:18:35: rendering chunks...
2025-10-04T15:18:35: computing gzip size...
2025-10-04T15:18:35: dist/client/index.html                   0.46 kB │ gzip:   0.31 kB
2025-10-04T15:18:35: dist/client/assets/index-DhS5VDqF.css   16.37 kB │ gzip:   3.95 kB
2025-10-04T15:18:35: dist/client/assets/index-UjPkGKlN.js   407.20 kB │ gzip: 123.44 kB
2025-10-04T15:18:35: ✓ built in 623ms
2025-10-04T15:18:35: vite v7.1.4 building SSR bundle for production...
2025-10-04T15:18:35: transforming...
2025-10-04T15:18:35: "default" is imported from external module "react" but never used in "src/pages/About.jsx", "src/pages/Home.jsx", "src/pages/404.jsx", "src/pages/Contact.jsx", "src/routes.jsx", "src/components/ui/button.jsx", "src/App.jsx" and "src/entry-server.jsx".
2025-10-04T15:18:35: ✓ 10 modules transformed.
2025-10-04T15:18:35: rendering chunks...
2025-10-04T15:18:35: dist/server/entry-server.js  8.64 kB
2025-10-04T15:18:35: ✓ built in 137ms
2025-10-04T15:18:35: [1m[34mUse --update-env to update environment variables[39m[22m
2025-10-04T15:18:35: [32m[PM2] [39mApplying action restartProcessId on app [all](ids: [ 0 ])
2025-10-04T15:18:36: 
2025-10-04T15:18:36: > judt-node-template@0.1.0 dev:server
2025-10-04T15:18:36: > npm run build && npm run dev
2025-10-04T15:18:36: 
2025-10-04T15:18:36: 
2025-10-04T15:18:36: > judt-node-template@0.1.0 build
2025-10-04T15:18:36: > vite build && BUILD_SSR=true vite build && pm2 restart all
2025-10-04T15:18:36: 
2025-10-04T15:18:36: vite v7.1.4 building for production...
2025-10-04T15:18:36: transforming...
2025-10-04T15:18:37: ✓ 49 modules transformed.
2025-10-04T15:18:37: rendering chunks...
2025-10-04T15:18:37: computing gzip size...
2025-10-04T15:18:37: dist/client/index.html                   0.46 kB │ gzip:   0.31 kB
2025-10-04T15:18:37: dist/client/assets/index-DhS5VDqF.css   16.37 kB │ gzip:   3.95 kB
2025-10-04T15:18:37: dist/client/assets/index-UjPkGKlN.js   407.20 kB │ gzip: 123.44 kB
2025-10-04T15:18:37: ✓ built in 617ms
2025-10-04T15:18:37: vite v7.1.4 building SSR bundle for production...
2025-10-04T15:18:37: transforming...
2025-10-04T15:18:37: "default" is imported from external module "react" but never used in "src/pages/Contact.jsx", "src/pages/Home.jsx", "src/pages/404.jsx", "src/pages/About.jsx", "src/routes.jsx", "src/components/ui/button.jsx", "src/App.jsx" and "src/entry-server.jsx".
2025-10-04T15:18:37: ✓ 10 modules transformed.
2025-10-04T15:18:37: rendering chunks...
2025-10-04T15:18:37: dist/server/entry-server.js  8.64 kB
2025-10-04T15:18:37: ✓ built in 139ms
2025-10-04T15:18:37: [1m[34mUse --update-env to update environment variables[39m[22m
2025-10-04T15:18:37: [32m[PM2] [39mApplying action restartProcessId on app [all](ids: [ 0 ])
2025-10-04T15:18:38: 
2025-10-04T15:18:38: > judt-node-template@0.1.0 dev:server
2025-10-04T15:18:38: > npm run build && npm run dev
2025-10-04T15:18:38: 
2025-10-04T15:18:38: 
2025-10-04T15:18:38: > judt-node-template@0.1.0 build
2025-10-04T15:18:38: > vite build && BUILD_SSR=true vite build && pm2 restart all
2025-10-04T15:18:38: 
2025-10-04T15:18:38: vite v7.1.4 building for production...
2025-10-04T15:18:38: transforming...
2025-10-04T15:18:39: ✓ 49 modules transformed.
2025-10-04T15:18:39: rendering chunks...
2025-10-04T15:18:39: computing gzip size...
2025-10-04T15:18:39: dist/client/index.html                   0.46 kB │ gzip:   0.31 kB
2025-10-04T15:18:39: dist/client/assets/index-DhS5VDqF.css   16.37 kB │ gzip:   3.95 kB
2025-10-04T15:18:39: dist/client/assets/index-UjPkGKlN.js   407.20 kB │ gzip: 123.44 kB
2025-10-04T15:18:39: ✓ built in 640ms
2025-10-04T15:18:39: vite v7.1.4 building SSR bundle for production...
2025-10-04T15:18:39: transforming...
2025-10-04T15:18:39: "default" is imported from external module "react" but never used in "src/pages/About.jsx", "src/pages/Contact.jsx", "src/pages/Home.jsx", "src/pages/404.jsx", "src/routes.jsx", "src/components/ui/button.jsx", "src/App.jsx" and "src/entry-server.jsx".
2025-10-04T15:18:39: ✓ 10 modules transformed.
2025-10-04T15:18:39: rendering chunks...
2025-10-04T15:18:39: dist/server/entry-server.js  8.64 kB
2025-10-04T15:18:39: ✓ built in 148ms
2025-10-04T15:18:39: [1m[34mUse --update-env to update environment variables[39m[22m
2025-10-04T15:18:39: [32m[PM2] [39mApplying action restartProcessId on app [all](ids: [ 0 ])
2025-10-04T15:18:40: 
2025-10-04T15:18:40: > judt-node-template@0.1.0 dev:server
2025-10-04T15:18:40: > npm run build && npm run dev
2025-10-04T15:18:40: 
2025-10-04T15:18:40: 
2025-10-04T15:18:40: > judt-node-template@0.1.0 build
2025-10-04T15:18:40: > vite build && BUILD_SSR=true vite build && pm2 restart all
2025-10-04T15:18:40: 
2025-10-04T15:18:40: vite v7.1.4 building for production...
2025-10-04T15:18:40: transforming...
2025-10-04T15:18:41: ✓ 49 modules transformed.
2025-10-04T15:18:41: rendering chunks...
2025-10-04T15:18:41: computing gzip size...
2025-10-04T15:18:41: dist/client/index.html                   0.46 kB │ gzip:   0.31 kB
2025-10-04T15:18:41: dist/client/assets/index-DhS5VDqF.css   16.37 kB │ gzip:   3.95 kB
2025-10-04T15:18:41: dist/client/assets/index-UjPkGKlN.js   407.20 kB │ gzip: 123.44 kB
2025-10-04T15:18:41: ✓ built in 694ms
2025-10-04T15:18:41: vite v7.1.4 building SSR bundle for production...
2025-10-04T15:18:41: transforming...
2025-10-04T15:18:41: "default" is imported from external module "react" but never used in "src/pages/Home.jsx", "src/pages/About.jsx", "src/pages/Contact.jsx", "src/pages/404.jsx", "src/routes.jsx", "src/components/ui/button.jsx", "src/App.jsx" and "src/entry-server.jsx".
2025-10-04T15:18:41: ✓ 10 modules transformed.
2025-10-04T15:18:41: rendering chunks...
2025-10-04T15:18:41: dist/server/entry-server.js  8.64 kB
2025-10-04T15:18:41: ✓ built in 143ms
2025-10-04T15:18:41: [1m[34mUse --update-env to update environment variables[39m[22m
2025-10-04T15:18:41: [32m[PM2] [39mApplying action restartProcessId on app [all](ids: [ 0 ])
2025-10-04T15:18:42: 
2025-10-04T15:18:42: > judt-node-template@0.1.0 dev:server
2025-10-04T15:18:42: > npm run build && npm run dev
2025-10-04T15:18:42: 
2025-10-04T15:18:42: 
2025-10-04T15:18:42: > judt-node-template@0.1.0 build
2025-10-04T15:18:42: > vite build && BUILD_SSR=true vite build && pm2 restart all
2025-10-04T15:18:42: 
2025-10-04T15:18:42: vite v7.1.4 building for production...
2025-10-04T15:18:42: transforming...
2025-10-04T15:18:43: ✓ 49 modules transformed.
2025-10-04T15:18:43: rendering chunks...
2025-10-04T15:18:43: computing gzip size...
2025-10-04T15:18:43: dist/client/index.html                   0.46 kB │ gzip:   0.31 kB
2025-10-04T15:18:43: dist/client/assets/index-DhS5VDqF.css   16.37 kB │ gzip:   3.95 kB
2025-10-04T15:18:43: dist/client/assets/index-UjPkGKlN.js   407.20 kB │ gzip: 123.44 kB
2025-10-04T15:18:43: ✓ built in 627ms
2025-10-04T15:18:43: vite v7.1.4 building SSR bundle for production...
2025-10-04T15:18:43: transforming...
2025-10-04T15:18:43: "default" is imported from external module "react" but never used in "src/pages/About.jsx", "src/pages/404.jsx", "src/pages/Contact.jsx", "src/pages/Home.jsx", "src/routes.jsx", "src/components/ui/button.jsx", "src/App.jsx" and "src/entry-server.jsx".
2025-10-04T15:18:43: ✓ 10 modules transformed.
2025-10-04T15:18:43: rendering chunks...
2025-10-04T15:18:43: dist/server/entry-server.js  8.64 kB
2025-10-04T15:18:43: ✓ built in 151ms
2025-10-04T15:18:44: [1m[34mUse --update-env to update environment variables[39m[22m
2025-10-04T15:18:44: [32m[PM2] [39mApplying action restartProcessId on app [all](ids: [ 0 ])
2025-10-04T15:18:44: 
2025-10-04T15:18:44: > judt-node-template@0.1.0 dev:server
2025-10-04T15:18:44: > npm run build && npm run dev
2025-10-04T15:18:44: 
2025-10-04T15:18:44: 
2025-10-04T15:18:44: > judt-node-template@0.1.0 build
2025-10-04T15:18:44: > vite build && BUILD_SSR=true vite build && pm2 restart all
2025-10-04T15:18:44: 
2025-10-04T15:18:45: vite v7.1.4 building for production...
2025-10-04T15:18:45: transforming...
2025-10-04T15:18:45: ✓ 49 modules transformed.
2025-10-04T15:18:45: rendering chunks...
2025-10-04T15:18:45: computing gzip size...
2025-10-04T15:18:45: dist/client/index.html                   0.46 kB │ gzip:   0.31 kB
2025-10-04T15:18:45: dist/client/assets/index-DhS5VDqF.css   16.37 kB │ gzip:   3.95 kB
2025-10-04T15:18:45: dist/client/assets/index-UjPkGKlN.js   407.20 kB │ gzip: 123.44 kB
2025-10-04T15:18:45: ✓ built in 638ms
2025-10-04T15:18:45: vite v7.1.4 building SSR bundle for production...
2025-10-04T15:18:45: transforming...
2025-10-04T15:18:46: "default" is imported from external module "react" but never used in "src/pages/About.jsx", "src/pages/Home.jsx", "src/pages/Contact.jsx", "src/pages/404.jsx", "src/routes.jsx", "src/components/ui/button.jsx", "src/App.jsx" and "src/entry-server.jsx".
2025-10-04T15:18:46: ✓ 10 modules transformed.
2025-10-04T15:18:46: rendering chunks...
2025-10-04T15:18:46: dist/server/entry-server.js  8.64 kB
2025-10-04T15:18:46: ✓ built in 138ms
2025-10-04T15:18:46: [1m[34mUse --update-env to update environment variables[39m[22m
2025-10-04T15:18:46: [32m[PM2] [39mApplying action restartProcessId on app [all](ids: [ 0 ])
2025-10-04T15:18:46: 
2025-10-04T15:18:46: > judt-node-template@0.1.0 dev:server
2025-10-04T15:18:46: > npm run build && npm run dev
2025-10-04T15:18:46: 
2025-10-04T15:18:46: 
2025-10-04T15:18:46: > judt-node-template@0.1.0 build
2025-10-04T15:18:46: > vite build && BUILD_SSR=true vite build && pm2 restart all
2025-10-04T15:18:46: 
2025-10-04T15:18:47: vite v7.1.4 building for production...
2025-10-04T15:18:47: transforming...
2025-10-04T15:18:47: ✓ 49 modules transformed.
2025-10-04T15:18:47: rendering chunks...
2025-10-04T15:18:47: computing gzip size...
2025-10-04T15:18:47: dist/client/index.html                   0.46 kB │ gzip:   0.31 kB
2025-10-04T15:18:47: dist/client/assets/index-DhS5VDqF.css   16.37 kB │ gzip:   3.95 kB
2025-10-04T15:18:47: dist/client/assets/index-UjPkGKlN.js   407.20 kB │ gzip: 123.44 kB
2025-10-04T15:18:47: ✓ built in 636ms
2025-10-04T15:18:48: vite v7.1.4 building SSR bundle for production...
2025-10-04T15:18:48: transforming...
2025-10-04T15:18:48: "default" is imported from external module "react" but never used in "src/pages/Home.jsx", "src/pages/About.jsx", "src/pages/Contact.jsx", "src/pages/404.jsx", "src/routes.jsx", "src/components/ui/button.jsx", "src/App.jsx" and "src/entry-server.jsx".
2025-10-04T15:18:48: ✓ 10 modules transformed.
2025-10-04T15:18:48: rendering chunks...
2025-10-04T15:18:48: dist/server/entry-server.js  8.64 kB
2025-10-04T15:18:48: ✓ built in 144ms
2025-10-04T15:18:48: 
2025-10-04T15:18:48: > judt-node-template@0.1.0 dev:server
2025-10-04T15:18:48: > npm run build && npm run dev
2025-10-04T15:18:48: 
2025-10-04T15:18:48: 
2025-10-04T15:18:48: > judt-node-template@0.1.0 build
2025-10-04T15:18:48: > vite build && BUILD_SSR=true vite build && pm2 restart all
2025-10-04T15:18:48: 
2025-10-04T15:18:48: vite v7.1.4 building for production...
2025-10-04T15:18:48: transforming...
2025-10-04T15:18:49: ✓ 49 modules transformed.
2025-10-04T15:18:49: rendering chunks...
2025-10-04T15:18:49: computing gzip size...
2025-10-04T15:18:49: dist/client/index.html                   0.46 kB │ gzip:   0.31 kB
2025-10-04T15:18:49: dist/client/assets/index-DhS5VDqF.css   16.37 kB │ gzip:   3.95 kB
2025-10-04T15:18:49: dist/client/assets/index-UjPkGKlN.js   407.20 kB │ gzip: 123.44 kB
2025-10-04T15:18:49: ✓ built in 660ms
2025-10-04T15:18:49: vite v7.1.4 building SSR bundle for production...
2025-10-04T15:18:49: transforming...
2025-10-04T15:18:49: "default" is imported from external module "react" but never used in "src/pages/Home.jsx", "src/pages/404.jsx", "src/pages/Contact.jsx", "src/pages/About.jsx", "src/routes.jsx", "src/components/ui/button.jsx", "src/App.jsx" and "src/entry-server.jsx".
2025-10-04T15:18:49: ✓ 10 modules transformed.
2025-10-04T15:18:49: rendering chunks...
2025-10-04T15:18:49: dist/server/entry-server.js  8.64 kB
2025-10-04T15:18:49: ✓ built in 139ms
2025-10-04T15:18:49: [1m[34mUse --update-env to update environment variables[39m[22m
2025-10-04T15:18:50: [32m[PM2] [39mApplying action restartProcessId on app [all](ids: [ 0 ])
2025-10-04T15:18:50: 
2025-10-04T15:18:50: > judt-node-template@0.1.0 dev:server
2025-10-04T15:18:50: > npm run build && npm run dev
2025-10-04T15:18:50: 
2025-10-04T15:18:50: 
2025-10-04T15:18:50: > judt-node-template@0.1.0 build
2025-10-04T15:18:50: > vite build && BUILD_SSR=true vite build && pm2 restart all
2025-10-04T15:18:50: 
2025-10-04T15:18:50: vite v7.1.4 building for production...
2025-10-04T15:18:51: transforming...
2025-10-04T15:18:51: ✓ 49 modules transformed.
2025-10-04T15:18:51: rendering chunks...
2025-10-04T15:18:51: computing gzip size...
2025-10-04T15:18:51: dist/client/index.html                   0.46 kB │ gzip:   0.31 kB
2025-10-04T15:18:51: dist/client/assets/index-DhS5VDqF.css   16.37 kB │ gzip:   3.95 kB
2025-10-04T15:18:51: dist/client/assets/index-UjPkGKlN.js   407.20 kB │ gzip: 123.44 kB
2025-10-04T15:18:51: ✓ built in 636ms
2025-10-04T15:18:51: vite v7.1.4 building SSR bundle for production...
2025-10-04T15:18:51: transforming...
2025-10-04T15:18:52: 
2025-10-04T15:18:52: > judt-node-template@0.1.0 dev
2025-10-04T15:18:52: > NODE_ENV=development PORT=3551 node server/index.js
2025-10-04T15:18:52: 
2025-10-04T15:18:52: HTTP server is running at http://localhost:3551
2025-10-04T15:18:59: req.originalUrl /favicon.ico
2025-10-04T15:18:59: [
2025-10-04T15:18:59:   {
2025-10-04T15:18:59:     params: { '*': 'favicon.ico' },
2025-10-04T15:18:59:     pathname: '/favicon.ico',
2025-10-04T15:18:59:     pathnameBase: '/',
2025-10-04T15:18:59:     route: { path: '*', element: [Object], notFound: true }
2025-10-04T15:18:59:   }
2025-10-04T15:18:59: ]
2025-10-04T15:18:59: /favicon.ico
2025-10-04T15:18:59: {
2025-10-04T15:18:59:   html: '<div class="min-h-screen flex items-center justify-center"><div class="space-y-6 text-center"><nav class="flex items-center justify-center gap-4"><a class="underline" href="/">Home</a><a class="underline" href="/about">About</a><a class="underline" href="/contact">Contact</a></nav><div class="pt-4 text-left"><div class="space-y-2"><h2 class="text-2xl font-semibold">404 - Page Not Found</h2><p>The page you are looking for does not exist.</p></div></div></div></div>',
2025-10-04T15:18:59:   status: 404
2025-10-04T15:18:59: }
2025-10-04T15:21:12: 
2025-10-04T15:21:12: > judt-node-template@0.1.0 dev
2025-10-04T15:21:12: > NODE_ENV=development PORT=3551 node server/index.js
2025-10-04T15:21:12: 
2025-10-04T15:21:12: HTTP server is running at http://localhost:3551
2025-10-04T15:23:15: 
2025-10-04T15:23:15: > judt-node-template@0.1.0 dev
2025-10-04T15:23:15: > NODE_ENV=development PORT=3551 node server/index.js
2025-10-04T15:23:15: 
2025-10-04T15:23:15: HTTP server is running at http://localhost:3551
2025-10-04T15:25:03: 
2025-10-04T15:25:03: > judt-node-template@0.1.0 dev
2025-10-04T15:25:03: > NODE_ENV=development PORT=3551 node server/index.js
2025-10-04T15:25:03: 
2025-10-04T15:25:03: HTTP server is running at http://localhost:3551
2025-10-04T15:25:41: 
2025-10-04T15:25:41: > judt-node-template@0.1.0 dev
2025-10-04T15:25:41: > NODE_ENV=development PORT=3551 node server/index.js
2025-10-04T15:25:41: 
2025-10-04T15:25:42: HTTP server is running at http://localhost:3551
2025-10-04T15:27:06: 
2025-10-04T15:27:06: > judt-node-template@0.1.0 dev
2025-10-04T15:27:06: > NODE_ENV=development PORT=3551 node server/index.js
2025-10-04T15:27:06: 
2025-10-04T15:27:06: HTTP server is running at http://localhost:3551
2025-10-04T15:27:41: 
2025-10-04T15:27:41: > judt-node-template@0.1.0 dev
2025-10-04T15:27:41: > NODE_ENV=development PORT=3551 node server/index.js
2025-10-04T15:27:41: 
2025-10-04T15:27:41: HTTP server is running at http://localhost:3551
2025-10-04T15:28:29: 
2025-10-04T15:28:29: > judt-node-template@0.1.0 dev
2025-10-04T15:28:29: > NODE_ENV=development PORT=3551 node server/index.js
2025-10-04T15:28:29: 
2025-10-04T15:28:29: HTTP server is running at http://localhost:3551
2025-10-04T15:29:04: 
2025-10-04T15:29:04: > judt-node-template@0.1.0 dev
2025-10-04T15:29:04: > NODE_ENV=development PORT=3551 node server/index.js
2025-10-04T15:29:04: 
2025-10-04T15:29:04: HTTP server is running at http://localhost:3551
2025-10-04T15:30:39: 
2025-10-04T15:30:39: > judt-node-template@0.1.0 dev
2025-10-04T15:30:39: > NODE_ENV=development PORT=3551 node server/index.js
2025-10-04T15:30:39: 
2025-10-04T15:30:39: HTTP server is running at http://localhost:3551
2025-10-04T15:31:59: 
2025-10-04T15:31:59: > judt-node-template@0.1.0 dev
2025-10-04T15:31:59: > NODE_ENV=development PORT=3551 node server/index.js
2025-10-04T15:31:59: 
2025-10-04T15:31:59: HTTP server is running at http://localhost:3551
2025-10-04T15:36:44: 
2025-10-04T15:36:44: > judt-node-template@0.1.0 dev
2025-10-04T15:36:44: > NODE_ENV=development PORT=3551 node server/index.js
2025-10-04T15:36:44: 
2025-10-04T15:36:44: HTTP server is running at http://localhost:3551
2025-10-04T15:38:32: 
2025-10-04T15:38:32: > judt-node-template@0.1.0 dev
2025-10-04T15:38:32: > NODE_ENV=development PORT=3551 node server/index.js
2025-10-04T15:38:32: 
2025-10-04T15:38:32: HTTP server is running at http://localhost:3551
2025-10-04T15:43:13: 
2025-10-04T15:43:13: > judt-node-template@0.1.0 dev
2025-10-04T15:43:13: > NODE_ENV=development PORT=3551 node server/index.js
2025-10-04T15:43:13: 
2025-10-04T15:43:13: HTTP server is running at http://localhost:3551
2025-10-04T17:24:15: 
2025-10-04T17:24:15: > judt-node-template@0.1.0 dev
2025-10-04T17:24:15: > NODE_ENV=development PORT=3551 node server/index.js
2025-10-04T17:24:15: 
2025-10-04T17:24:15: HTTP server is running at http://localhost:3551
2025-10-04T17:24:45: 
2025-10-04T17:24:45: > judt-node-template@0.1.0 dev
2025-10-04T17:24:45: > NODE_ENV=development PORT=3551 node server/index.js
2025-10-04T17:24:45: 
2025-10-04T17:24:45: HTTP server is running at http://localhost:3551
2025-10-04T17:26:20: 
2025-10-04T17:26:20: > judt-node-template@0.1.0 dev
2025-10-04T17:26:20: > NODE_ENV=development PORT=3551 node server/index.js
2025-10-04T17:26:20: 
2025-10-04T17:26:20: node:internal/modules/package_json_reader:268
2025-10-04T17:26:20:   throw new ERR_MODULE_NOT_FOUND(packageName, fileURLToPath(base), null);
2025-10-04T17:26:20:         ^
2025-10-04T17:26:20: 
2025-10-04T17:26:20: Error [ERR_MODULE_NOT_FOUND]: Cannot find package 'express' imported from /Users/russ/Documents/templates/node/server/index.js
2025-10-04T17:26:20:     at Object.getPackageJSONURL (node:internal/modules/package_json_reader:268:9)
2025-10-04T17:26:20:     at packageResolve (node:internal/modules/esm/resolve:768:81)
2025-10-04T17:26:20:     at moduleResolve (node:internal/modules/esm/resolve:858:18)
2025-10-04T17:26:20:     at defaultResolve (node:internal/modules/esm/resolve:990:11)
2025-10-04T17:26:20:     at #cachedDefaultResolve (node:internal/modules/esm/loader:749:20)
2025-10-04T17:26:20:     at ModuleLoader.resolve (node:internal/modules/esm/loader:726:38)
2025-10-04T17:26:20:     at ModuleLoader.getModuleJobForImport (node:internal/modules/esm/loader:312:38)
2025-10-04T17:26:20:     at #link (node:internal/modules/esm/module_job:208:49) {
2025-10-04T17:26:20:   code: 'ERR_MODULE_NOT_FOUND'
2025-10-04T17:26:20: }
2025-10-04T17:26:20: 
2025-10-04T17:26:20: Node.js v24.7.0
2025-10-04T17:26:20: 
2025-10-04T17:26:20: > judt-node-template@0.1.0 dev
2025-10-04T17:26:20: > NODE_ENV=development PORT=3551 node server/index.js
2025-10-04T17:26:20: 
2025-10-04T17:26:20: node:internal/modules/package_json_reader:268
2025-10-04T17:26:20:   throw new ERR_MODULE_NOT_FOUND(packageName, fileURLToPath(base), null);
2025-10-04T17:26:20:         ^
2025-10-04T17:26:20: 
2025-10-04T17:26:20: Error [ERR_MODULE_NOT_FOUND]: Cannot find package 'express' imported from /Users/russ/Documents/templates/node/server/index.js
2025-10-04T17:26:20:     at Object.getPackageJSONURL (node:internal/modules/package_json_reader:268:9)
2025-10-04T17:26:20:     at packageResolve (node:internal/modules/esm/resolve:768:81)
2025-10-04T17:26:20:     at moduleResolve (node:internal/modules/esm/resolve:858:18)
2025-10-04T17:26:20:     at defaultResolve (node:internal/modules/esm/resolve:990:11)
2025-10-04T17:26:20:     at #cachedDefaultResolve (node:internal/modules/esm/loader:749:20)
2025-10-04T17:26:20:     at ModuleLoader.resolve (node:internal/modules/esm/loader:726:38)
2025-10-04T17:26:20:     at ModuleLoader.getModuleJobForImport (node:internal/modules/esm/loader:312:38)
2025-10-04T17:26:20:     at #link (node:internal/modules/esm/module_job:208:49) {
2025-10-04T17:26:20:   code: 'ERR_MODULE_NOT_FOUND'
2025-10-04T17:26:20: }
2025-10-04T17:26:20: 
2025-10-04T17:26:20: Node.js v24.7.0
2025-10-04T17:26:20: 
2025-10-04T17:26:20: > judt-node-template@0.1.0 dev
2025-10-04T17:26:20: > NODE_ENV=development PORT=3551 node server/index.js
2025-10-04T17:26:20: 
2025-10-04T17:26:20: node:internal/modules/package_json_reader:268
2025-10-04T17:26:20:   throw new ERR_MODULE_NOT_FOUND(packageName, fileURLToPath(base), null);
2025-10-04T17:26:20:         ^
2025-10-04T17:26:20: 
2025-10-04T17:26:20: Error [ERR_MODULE_NOT_FOUND]: Cannot find package 'express' imported from /Users/russ/Documents/templates/node/server/index.js
2025-10-04T17:26:20:     at Object.getPackageJSONURL (node:internal/modules/package_json_reader:268:9)
2025-10-04T17:26:20:     at packageResolve (node:internal/modules/esm/resolve:768:81)
2025-10-04T17:26:20:     at moduleResolve (node:internal/modules/esm/resolve:858:18)
2025-10-04T17:26:20:     at defaultResolve (node:internal/modules/esm/resolve:990:11)
2025-10-04T17:26:20:     at #cachedDefaultResolve (node:internal/modules/esm/loader:749:20)
2025-10-04T17:26:20:     at ModuleLoader.resolve (node:internal/modules/esm/loader:726:38)
2025-10-04T17:26:20:     at ModuleLoader.getModuleJobForImport (node:internal/modules/esm/loader:312:38)
2025-10-04T17:26:20:     at #link (node:internal/modules/esm/module_job:208:49) {
2025-10-04T17:26:20:   code: 'ERR_MODULE_NOT_FOUND'
2025-10-04T17:26:20: }
2025-10-04T17:26:20: 
2025-10-04T17:26:20: Node.js v24.7.0
2025-10-04T17:26:20: 
2025-10-04T17:26:20: > judt-node-template@0.1.0 dev
2025-10-04T17:26:20: > NODE_ENV=development PORT=3551 node server/index.js
2025-10-04T17:26:20: 
2025-10-04T17:26:20: node:internal/modules/package_json_reader:268
2025-10-04T17:26:20:   throw new ERR_MODULE_NOT_FOUND(packageName, fileURLToPath(base), null);
2025-10-04T17:26:20:         ^
2025-10-04T17:26:20: 
2025-10-04T17:26:20: Error [ERR_MODULE_NOT_FOUND]: Cannot find package 'express' imported from /Users/russ/Documents/templates/node/server/index.js
2025-10-04T17:26:20:     at Object.getPackageJSONURL (node:internal/modules/package_json_reader:268:9)
2025-10-04T17:26:20:     at packageResolve (node:internal/modules/esm/resolve:768:81)
2025-10-04T17:26:20:     at moduleResolve (node:internal/modules/esm/resolve:858:18)
2025-10-04T17:26:20:     at defaultResolve (node:internal/modules/esm/resolve:990:11)
2025-10-04T17:26:20:     at #cachedDefaultResolve (node:internal/modules/esm/loader:749:20)
2025-10-04T17:26:20:     at ModuleLoader.resolve (node:internal/modules/esm/loader:726:38)
2025-10-04T17:26:20:     at ModuleLoader.getModuleJobForImport (node:internal/modules/esm/loader:312:38)
2025-10-04T17:26:20:     at #link (node:internal/modules/esm/module_job:208:49) {
2025-10-04T17:26:20:   code: 'ERR_MODULE_NOT_FOUND'
2025-10-04T17:26:20: }
2025-10-04T17:26:20: 
2025-10-04T17:26:20: Node.js v24.7.0
2025-10-04T17:26:20: 
2025-10-04T17:26:20: > judt-node-template@0.1.0 dev
2025-10-04T17:26:20: > NODE_ENV=development PORT=3551 node server/index.js
2025-10-04T17:26:20: 
2025-10-04T17:26:21: node:internal/modules/package_json_reader:268
2025-10-04T17:26:21:   throw new ERR_MODULE_NOT_FOUND(packageName, fileURLToPath(base), null);
2025-10-04T17:26:21:         ^
2025-10-04T17:26:21: 
2025-10-04T17:26:21: Error [ERR_MODULE_NOT_FOUND]: Cannot find package 'express' imported from /Users/russ/Documents/templates/node/server/index.js
2025-10-04T17:26:21:     at Object.getPackageJSONURL (node:internal/modules/package_json_reader:268:9)
2025-10-04T17:26:21:     at packageResolve (node:internal/modules/esm/resolve:768:81)
2025-10-04T17:26:21:     at moduleResolve (node:internal/modules/esm/resolve:858:18)
2025-10-04T17:26:21:     at defaultResolve (node:internal/modules/esm/resolve:990:11)
2025-10-04T17:26:21:     at #cachedDefaultResolve (node:internal/modules/esm/loader:749:20)
2025-10-04T17:26:21:     at ModuleLoader.resolve (node:internal/modules/esm/loader:726:38)
2025-10-04T17:26:21:     at ModuleLoader.getModuleJobForImport (node:internal/modules/esm/loader:312:38)
2025-10-04T17:26:21:     at #link (node:internal/modules/esm/module_job:208:49) {
2025-10-04T17:26:21:   code: 'ERR_MODULE_NOT_FOUND'
2025-10-04T17:26:21: }
2025-10-04T17:26:21: 
2025-10-04T17:26:21: Node.js v24.7.0
2025-10-04T17:26:21: 
2025-10-04T17:26:21: > judt-node-template@0.1.0 dev
2025-10-04T17:26:21: > NODE_ENV=development PORT=3551 node server/index.js
2025-10-04T17:26:21: 
2025-10-04T17:26:21: node:internal/modules/package_json_reader:268
2025-10-04T17:26:21:   throw new ERR_MODULE_NOT_FOUND(packageName, fileURLToPath(base), null);
2025-10-04T17:26:21:         ^
2025-10-04T17:26:21: 
2025-10-04T17:26:21: Error [ERR_MODULE_NOT_FOUND]: Cannot find package 'express' imported from /Users/russ/Documents/templates/node/server/index.js
2025-10-04T17:26:21:     at Object.getPackageJSONURL (node:internal/modules/package_json_reader:268:9)
2025-10-04T17:26:21:     at packageResolve (node:internal/modules/esm/resolve:768:81)
2025-10-04T17:26:21:     at moduleResolve (node:internal/modules/esm/resolve:858:18)
2025-10-04T17:26:21:     at defaultResolve (node:internal/modules/esm/resolve:990:11)
2025-10-04T17:26:21:     at #cachedDefaultResolve (node:internal/modules/esm/loader:749:20)
2025-10-04T17:26:21:     at ModuleLoader.resolve (node:internal/modules/esm/loader:726:38)
2025-10-04T17:26:21:     at ModuleLoader.getModuleJobForImport (node:internal/modules/esm/loader:312:38)
2025-10-04T17:26:21:     at #link (node:internal/modules/esm/module_job:208:49) {
2025-10-04T17:26:21:   code: 'ERR_MODULE_NOT_FOUND'
2025-10-04T17:26:21: }
2025-10-04T17:26:21: 
2025-10-04T17:26:21: Node.js v24.7.0
2025-10-04T17:26:21: 
2025-10-04T17:26:21: > judt-node-template@0.1.0 dev
2025-10-04T17:26:21: > NODE_ENV=development PORT=3551 node server/index.js
2025-10-04T17:26:21: 
2025-10-04T17:26:21: node:internal/modules/package_json_reader:268
2025-10-04T17:26:21:   throw new ERR_MODULE_NOT_FOUND(packageName, fileURLToPath(base), null);
2025-10-04T17:26:21:         ^
2025-10-04T17:26:21: 
2025-10-04T17:26:21: Error [ERR_MODULE_NOT_FOUND]: Cannot find package 'express' imported from /Users/russ/Documents/templates/node/server/index.js
2025-10-04T17:26:21:     at Object.getPackageJSONURL (node:internal/modules/package_json_reader:268:9)
2025-10-04T17:26:21:     at packageResolve (node:internal/modules/esm/resolve:768:81)
2025-10-04T17:26:21:     at moduleResolve (node:internal/modules/esm/resolve:858:18)
2025-10-04T17:26:21:     at defaultResolve (node:internal/modules/esm/resolve:990:11)
2025-10-04T17:26:21:     at #cachedDefaultResolve (node:internal/modules/esm/loader:749:20)
2025-10-04T17:26:21:     at ModuleLoader.resolve (node:internal/modules/esm/loader:726:38)
2025-10-04T17:26:21:     at ModuleLoader.getModuleJobForImport (node:internal/modules/esm/loader:312:38)
2025-10-04T17:26:21:     at #link (node:internal/modules/esm/module_job:208:49) {
2025-10-04T17:26:21:   code: 'ERR_MODULE_NOT_FOUND'
2025-10-04T17:26:21: }
2025-10-04T17:26:21: 
2025-10-04T17:26:21: Node.js v24.7.0
2025-10-04T17:26:21: 
2025-10-04T17:26:21: > judt-node-template@0.1.0 dev
2025-10-04T17:26:21: > NODE_ENV=development PORT=3551 node server/index.js
2025-10-04T17:26:21: 
2025-10-04T17:26:21: node:internal/modules/package_json_reader:268
2025-10-04T17:26:21:   throw new ERR_MODULE_NOT_FOUND(packageName, fileURLToPath(base), null);
2025-10-04T17:26:21:         ^
2025-10-04T17:26:21: 
2025-10-04T17:26:21: Error [ERR_MODULE_NOT_FOUND]: Cannot find package 'express' imported from /Users/russ/Documents/templates/node/server/index.js
2025-10-04T17:26:21:     at Object.getPackageJSONURL (node:internal/modules/package_json_reader:268:9)
2025-10-04T17:26:21:     at packageResolve (node:internal/modules/esm/resolve:768:81)
2025-10-04T17:26:21:     at moduleResolve (node:internal/modules/esm/resolve:858:18)
2025-10-04T17:26:21:     at defaultResolve (node:internal/modules/esm/resolve:990:11)
2025-10-04T17:26:21:     at #cachedDefaultResolve (node:internal/modules/esm/loader:749:20)
2025-10-04T17:26:21:     at ModuleLoader.resolve (node:internal/modules/esm/loader:726:38)
2025-10-04T17:26:21:     at ModuleLoader.getModuleJobForImport (node:internal/modules/esm/loader:312:38)
2025-10-04T17:26:21:     at #link (node:internal/modules/esm/module_job:208:49) {
2025-10-04T17:26:21:   code: 'ERR_MODULE_NOT_FOUND'
2025-10-04T17:26:21: }
2025-10-04T17:26:21: 
2025-10-04T17:26:21: Node.js v24.7.0
2025-10-04T17:26:21: 
2025-10-04T17:26:21: > judt-node-template@0.1.0 dev
2025-10-04T17:26:21: > NODE_ENV=development PORT=3551 node server/index.js
2025-10-04T17:26:21: 
2025-10-04T17:26:22: node:internal/modules/package_json_reader:268
2025-10-04T17:26:22:   throw new ERR_MODULE_NOT_FOUND(packageName, fileURLToPath(base), null);
2025-10-04T17:26:22:         ^
2025-10-04T17:26:22: 
2025-10-04T17:26:22: Error [ERR_MODULE_NOT_FOUND]: Cannot find package 'express' imported from /Users/russ/Documents/templates/node/server/index.js
2025-10-04T17:26:22:     at Object.getPackageJSONURL (node:internal/modules/package_json_reader:268:9)
2025-10-04T17:26:22:     at packageResolve (node:internal/modules/esm/resolve:768:81)
2025-10-04T17:26:22:     at moduleResolve (node:internal/modules/esm/resolve:858:18)
2025-10-04T17:26:22:     at defaultResolve (node:internal/modules/esm/resolve:990:11)
2025-10-04T17:26:22:     at #cachedDefaultResolve (node:internal/modules/esm/loader:749:20)
2025-10-04T17:26:22:     at ModuleLoader.resolve (node:internal/modules/esm/loader:726:38)
2025-10-04T17:26:22:     at ModuleLoader.getModuleJobForImport (node:internal/modules/esm/loader:312:38)
2025-10-04T17:26:22:     at #link (node:internal/modules/esm/module_job:208:49) {
2025-10-04T17:26:22:   code: 'ERR_MODULE_NOT_FOUND'
2025-10-04T17:26:22: }
2025-10-04T17:26:22: 
2025-10-04T17:26:22: Node.js v24.7.0
2025-10-04T17:26:22: 
2025-10-04T17:26:22: > judt-node-template@0.1.0 dev
2025-10-04T17:26:22: > NODE_ENV=development PORT=3551 node server/index.js
2025-10-04T17:26:22: 
2025-10-04T17:26:22: node:internal/modules/package_json_reader:268
2025-10-04T17:26:22:   throw new ERR_MODULE_NOT_FOUND(packageName, fileURLToPath(base), null);
2025-10-04T17:26:22:         ^
2025-10-04T17:26:22: 
2025-10-04T17:26:22: Error [ERR_MODULE_NOT_FOUND]: Cannot find package 'express' imported from /Users/russ/Documents/templates/node/server/index.js
2025-10-04T17:26:22:     at Object.getPackageJSONURL (node:internal/modules/package_json_reader:268:9)
2025-10-04T17:26:22:     at packageResolve (node:internal/modules/esm/resolve:768:81)
2025-10-04T17:26:22:     at moduleResolve (node:internal/modules/esm/resolve:858:18)
2025-10-04T17:26:22:     at defaultResolve (node:internal/modules/esm/resolve:990:11)
2025-10-04T17:26:22:     at #cachedDefaultResolve (node:internal/modules/esm/loader:749:20)
2025-10-04T17:26:22:     at ModuleLoader.resolve (node:internal/modules/esm/loader:726:38)
2025-10-04T17:26:22:     at ModuleLoader.getModuleJobForImport (node:internal/modules/esm/loader:312:38)
2025-10-04T17:26:22:     at #link (node:internal/modules/esm/module_job:208:49) {
2025-10-04T17:26:22:   code: 'ERR_MODULE_NOT_FOUND'
2025-10-04T17:26:22: }
2025-10-04T17:26:22: 
2025-10-04T17:26:22: Node.js v24.7.0
2025-10-04T17:26:22: 
2025-10-04T17:26:22: > judt-node-template@0.1.0 dev
2025-10-04T17:26:22: > NODE_ENV=development PORT=3551 node server/index.js
2025-10-04T17:26:22: 
2025-10-04T17:26:22: node:internal/modules/package_json_reader:268
2025-10-04T17:26:22:   throw new ERR_MODULE_NOT_FOUND(packageName, fileURLToPath(base), null);
2025-10-04T17:26:22:         ^
2025-10-04T17:26:22: 
2025-10-04T17:26:22: Error [ERR_MODULE_NOT_FOUND]: Cannot find package 'express' imported from /Users/russ/Documents/templates/node/server/index.js
2025-10-04T17:26:22:     at Object.getPackageJSONURL (node:internal/modules/package_json_reader:268:9)
2025-10-04T17:26:22:     at packageResolve (node:internal/modules/esm/resolve:768:81)
2025-10-04T17:26:22:     at moduleResolve (node:internal/modules/esm/resolve:858:18)
2025-10-04T17:26:22:     at defaultResolve (node:internal/modules/esm/resolve:990:11)
2025-10-04T17:26:22:     at #cachedDefaultResolve (node:internal/modules/esm/loader:749:20)
2025-10-04T17:26:22:     at ModuleLoader.resolve (node:internal/modules/esm/loader:726:38)
2025-10-04T17:26:22:     at ModuleLoader.getModuleJobForImport (node:internal/modules/esm/loader:312:38)
2025-10-04T17:26:22:     at #link (node:internal/modules/esm/module_job:208:49) {
2025-10-04T17:26:22:   code: 'ERR_MODULE_NOT_FOUND'
2025-10-04T17:26:22: }
2025-10-04T17:26:22: 
2025-10-04T17:26:22: Node.js v24.7.0
2025-10-04T17:26:22: 
2025-10-04T17:26:22: > judt-node-template@0.1.0 dev
2025-10-04T17:26:22: > NODE_ENV=development PORT=3551 node server/index.js
2025-10-04T17:26:22: 
2025-10-04T17:26:22: node:internal/modules/package_json_reader:268
2025-10-04T17:26:22:   throw new ERR_MODULE_NOT_FOUND(packageName, fileURLToPath(base), null);
2025-10-04T17:26:22:         ^
2025-10-04T17:26:22: 
2025-10-04T17:26:22: Error [ERR_MODULE_NOT_FOUND]: Cannot find package 'express' imported from /Users/russ/Documents/templates/node/server/index.js
2025-10-04T17:26:22:     at Object.getPackageJSONURL (node:internal/modules/package_json_reader:268:9)
2025-10-04T17:26:22:     at packageResolve (node:internal/modules/esm/resolve:768:81)
2025-10-04T17:26:22:     at moduleResolve (node:internal/modules/esm/resolve:858:18)
2025-10-04T17:26:22:     at defaultResolve (node:internal/modules/esm/resolve:990:11)
2025-10-04T17:26:22:     at #cachedDefaultResolve (node:internal/modules/esm/loader:749:20)
2025-10-04T17:26:22:     at ModuleLoader.resolve (node:internal/modules/esm/loader:726:38)
2025-10-04T17:26:22:     at ModuleLoader.getModuleJobForImport (node:internal/modules/esm/loader:312:38)
2025-10-04T17:26:22:     at #link (node:internal/modules/esm/module_job:208:49) {
2025-10-04T17:26:22:   code: 'ERR_MODULE_NOT_FOUND'
2025-10-04T17:26:22: }
2025-10-04T17:26:22: 
2025-10-04T17:26:22: Node.js v24.7.0
2025-10-04T17:26:22: 
2025-10-04T17:26:22: > judt-node-template@0.1.0 dev
2025-10-04T17:26:22: > NODE_ENV=development PORT=3551 node server/index.js
2025-10-04T17:26:22: 
2025-10-04T17:26:22: node:internal/modules/package_json_reader:268
2025-10-04T17:26:22:   throw new ERR_MODULE_NOT_FOUND(packageName, fileURLToPath(base), null);
2025-10-04T17:26:22:         ^
2025-10-04T17:26:22: 
2025-10-04T17:26:22: Error [ERR_MODULE_NOT_FOUND]: Cannot find package 'express' imported from /Users/russ/Documents/templates/node/server/index.js
2025-10-04T17:26:22:     at Object.getPackageJSONURL (node:internal/modules/package_json_reader:268:9)
2025-10-04T17:26:22:     at packageResolve (node:internal/modules/esm/resolve:768:81)
2025-10-04T17:26:22:     at moduleResolve (node:internal/modules/esm/resolve:858:18)
2025-10-04T17:26:22:     at defaultResolve (node:internal/modules/esm/resolve:990:11)
2025-10-04T17:26:22:     at #cachedDefaultResolve (node:internal/modules/esm/loader:749:20)
2025-10-04T17:26:22:     at ModuleLoader.resolve (node:internal/modules/esm/loader:726:38)
2025-10-04T17:26:22:     at ModuleLoader.getModuleJobForImport (node:internal/modules/esm/loader:312:38)
2025-10-04T17:26:22:     at #link (node:internal/modules/esm/module_job:208:49) {
2025-10-04T17:26:22:   code: 'ERR_MODULE_NOT_FOUND'
2025-10-04T17:26:22: }
2025-10-04T17:26:22: 
2025-10-04T17:26:22: Node.js v24.7.0
2025-10-04T17:26:22: 
2025-10-04T17:26:22: > judt-node-template@0.1.0 dev
2025-10-04T17:26:22: > NODE_ENV=development PORT=3551 node server/index.js
2025-10-04T17:26:22: 
2025-10-04T17:26:23: node:internal/modules/package_json_reader:268
2025-10-04T17:26:23:   throw new ERR_MODULE_NOT_FOUND(packageName, fileURLToPath(base), null);
2025-10-04T17:26:23:         ^
2025-10-04T17:26:23: 
2025-10-04T17:26:23: Error [ERR_MODULE_NOT_FOUND]: Cannot find package 'express' imported from /Users/russ/Documents/templates/node/server/index.js
2025-10-04T17:26:23:     at Object.getPackageJSONURL (node:internal/modules/package_json_reader:268:9)
2025-10-04T17:26:23:     at packageResolve (node:internal/modules/esm/resolve:768:81)
2025-10-04T17:26:23:     at moduleResolve (node:internal/modules/esm/resolve:858:18)
2025-10-04T17:26:23:     at defaultResolve (node:internal/modules/esm/resolve:990:11)
2025-10-04T17:26:23:     at #cachedDefaultResolve (node:internal/modules/esm/loader:749:20)
2025-10-04T17:26:23:     at ModuleLoader.resolve (node:internal/modules/esm/loader:726:38)
2025-10-04T17:26:23:     at ModuleLoader.getModuleJobForImport (node:internal/modules/esm/loader:312:38)
2025-10-04T17:26:23:     at #link (node:internal/modules/esm/module_job:208:49) {
2025-10-04T17:26:23:   code: 'ERR_MODULE_NOT_FOUND'
2025-10-04T17:26:23: }
2025-10-04T17:26:23: 
2025-10-04T17:26:23: Node.js v24.7.0
2025-10-04T17:26:23: 
2025-10-04T17:26:23: > judt-node-template@0.1.0 dev
2025-10-04T17:26:23: > NODE_ENV=development PORT=3551 node server/index.js
2025-10-04T17:26:23: 
2025-10-04T17:26:23: node:internal/modules/package_json_reader:268
2025-10-04T17:26:23:   throw new ERR_MODULE_NOT_FOUND(packageName, fileURLToPath(base), null);
2025-10-04T17:26:23:         ^
2025-10-04T17:26:23: 
2025-10-04T17:26:23: Error [ERR_MODULE_NOT_FOUND]: Cannot find package 'express' imported from /Users/russ/Documents/templates/node/server/index.js
2025-10-04T17:26:23:     at Object.getPackageJSONURL (node:internal/modules/package_json_reader:268:9)
2025-10-04T17:26:23:     at packageResolve (node:internal/modules/esm/resolve:768:81)
2025-10-04T17:26:23:     at moduleResolve (node:internal/modules/esm/resolve:858:18)
2025-10-04T17:26:23:     at defaultResolve (node:internal/modules/esm/resolve:990:11)
2025-10-04T17:26:23:     at #cachedDefaultResolve (node:internal/modules/esm/loader:749:20)
2025-10-04T17:26:23:     at ModuleLoader.resolve (node:internal/modules/esm/loader:726:38)
2025-10-04T17:26:23:     at ModuleLoader.getModuleJobForImport (node:internal/modules/esm/loader:312:38)
2025-10-04T17:26:23:     at #link (node:internal/modules/esm/module_job:208:49) {
2025-10-04T17:26:23:   code: 'ERR_MODULE_NOT_FOUND'
2025-10-04T17:26:23: }
2025-10-04T17:26:23: 
2025-10-04T17:26:23: Node.js v24.7.0
2025-10-04T17:26:23: 
2025-10-04T17:26:23: > judt-node-template@0.1.0 dev
2025-10-04T17:26:23: > NODE_ENV=development PORT=3551 node server/index.js
2025-10-04T17:26:23: 
2025-10-04T17:26:23: node:internal/modules/package_json_reader:268
2025-10-04T17:26:23:   throw new ERR_MODULE_NOT_FOUND(packageName, fileURLToPath(base), null);
2025-10-04T17:26:23:         ^
2025-10-04T17:26:23: 
2025-10-04T17:26:23: Error [ERR_MODULE_NOT_FOUND]: Cannot find package 'express' imported from /Users/russ/Documents/templates/node/server/index.js
2025-10-04T17:26:23:     at Object.getPackageJSONURL (node:internal/modules/package_json_reader:268:9)
2025-10-04T17:26:23:     at packageResolve (node:internal/modules/esm/resolve:768:81)
2025-10-04T17:26:23:     at moduleResolve (node:internal/modules/esm/resolve:858:18)
2025-10-04T17:26:23:     at defaultResolve (node:internal/modules/esm/resolve:990:11)
2025-10-04T17:26:23:     at #cachedDefaultResolve (node:internal/modules/esm/loader:749:20)
2025-10-04T17:26:23:     at ModuleLoader.resolve (node:internal/modules/esm/loader:726:38)
2025-10-04T17:26:23:     at ModuleLoader.getModuleJobForImport (node:internal/modules/esm/loader:312:38)
2025-10-04T17:26:23:     at #link (node:internal/modules/esm/module_job:208:49) {
2025-10-04T17:26:23:   code: 'ERR_MODULE_NOT_FOUND'
2025-10-04T17:26:23: }
2025-10-04T17:26:23: 
2025-10-04T17:26:23: Node.js v24.7.0
